32003,Clay,1.075
32004,Saint Johns,1.065
32006,Clay,1.075
32007,Putnam,1.07
32008,Columbia,1.075
32009,Jacksonville,1.075
32011,Callahan,1.07
32013,Lafayette,1.07
32024,Lake City,1.075
32025,Lake City,1.075
32030,Clay,1.075
32033,Saint Johns,1.065
32034,Ferdinanda Beach,1.07
32035,Ferdinanda Beach,1.07
32038,Fort White,1.075
32040,Glen St. Mary,1.07
32041,Nassau,1.07
32042,Bradford,1.07
32043,Green Cove Springs,1.075
32044,Alachua,1.075
32046,Hilliard,1.07
32050,Clay,1.075
32052,Jasper,1.07
32053,Jennings,1.07
32054,Lake Butler,1.07
32055,Lake City,1.075
32056,Lake City,1.075
32058,Clay,1.075
32059,Lee,1.075
32060,Live Oak,1.07
32061,Columbia,1.075
32062,Suwannee,1.07
32063,Macclenny,1.07
32064,Live Oak,1.07
32065,Clay,1.075
32066,Madison,1.075
32067,Orange Park,1.075
32068,Clay,1.075
32071,Columbia,1.075
32073,Orange Park,1.075
32079,Penney Farms,1.075
32080,Marineland,1.07
32081,Jacksonville,1.075
32082,Jacksonville Beach,1.075
32083,Raiford,1.07
32084,St. Augustine,1.065
32085,St. Augustine,1.065
32086,Flagler,1.07
32087,Baker,1.07
32091,Clay,1.075
32092,St. Augustine Beach,1.065
32094,Columbia,1.075
32095,St. Augustine,1.065
32096,Columbia,1.075
32097,Nassau,1.07
32099,Jacksonville,1.075
32102,Lake,1.07
32105,Volusia,1.065
32110,Palm Coast,1.07
32111,Marion,1.07
32112,Crescent City,1.07
32113,Alachua,1.075
32114,Volusia,1.065
32115,Daytona Beach,1.065
32116,Daytona Beach,1.065
32117,Volusia,1.065
32118,Volusia,1.065
32119,Volusia,1.065
32120,Daytona Beach,1.065
32121,South Daytona,1.065
32122,Holly Hill,1.065
32123,Port Orange,1.065
32124,Volusia,1.065
32125,Holly Hill,1.065
32126,Daytona Beach,1.065
32127,Volusia,1.065
32128,Volusia,1.065
32129,Volusia,1.065
32130,Volusia,1.065
32131,Putnam,1.07
32132,Volusia,1.065
32133,Marion,1.07
32134,Marion,1.07
32135,Palm Coast,1.07
32136,Palm Coast,1.07
32137,Palm Coast,1.07
32138,Putnam,1.07
32139,Putnam,1.07
32140,Clay,1.075
32141,Volusia,1.065
32142,Palm Coast,1.07
32143,Palm Coast,1.07
32145,Flagler,1.07
32147,Putnam,1.07
32148,Interlachen,1.07
32149,Interlachen,1.07
32157,Putnam,1.07
32158,Lady Lake,1.07
32159,Lady Lake,1.07
32160,Clay,1.075
32162,Marion,1.07
32163,Wildwood,1.07
32164,Palm Coast,1.07
32168,Volusia,1.065
32169,Volusia,1.065
32170,Volusia,1.065
32173,Ormond Beach,1.065
32174,Flagler,1.07
32175,Ormond Beach,1.065
32176,Volusia,1.065
32177,Palatka,1.07
32178,Palatka,1.07
32179,Marion,1.07
32180,Volusia,1.065
32181,Pomona Park,1.07
32182,Marion,1.07
32183,Marion,1.07
32185,Putnam,1.07
32187,Putnam,1.07
32189,Putnam,1.07
32190,Volusia,1.065
32192,Marion,1.07
32193,Welaka,1.07
32195,Lady Lake,1.07
32198,Daytona Beach,1.065
32201,Jacksonville,1.075
32202,Jacksonville,1.075
32203,Jacksonville,1.075
32204,Jacksonville,1.075
32205,Jacksonville,1.075
32206,Jacksonville,1.075
32207,Jacksonville,1.075
32208,Jacksonville,1.075
32209,Jacksonville,1.075
32210,Jacksonville,1.075
32211,Jacksonville,1.075
32212,Jacksonville,1.075
32214,Jacksonville,1.075
32216,Jacksonville,1.075
32217,Jacksonville,1.075
32218,Jacksonville,1.075
32219,Jacksonville,1.075
32220,Jacksonville,1.075
32221,Jacksonville,1.075
32222,Jacksonville,1.075
32223,Jacksonville,1.075
32224,Atlantic Beach,1.075
32225,Jacksonville,1.075
32226,Jacksonville,1.075
32227,Jacksonville,1.075
32228,Jacksonville,1.075
32229,Jacksonville,1.075
32231,Jacksonville,1.075
32232,Jacksonville,1.075
32233,Atlantic Beach,1.075
32234,Baldwin,1.075
32235,Jacksonville,1.075
32236,Jacksonville,1.075
32238,Jacksonville,1.075
32239,Jacksonville,1.075
32240,Jacksonville Beach,1.075
32241,Jacksonville,1.075
32244,Jacksonville,1.075
32245,Jacksonville,1.075
32246,Jacksonville,1.075
32247,Jacksonville,1.075
32250,Jacksonville,1.075
32254,Jacksonville,1.075
32255,Jacksonville,1.075
32256,Jacksonville,1.075
32257,Jacksonville,1.075
32258,Jacksonville,1.075
32259,Jacksonville,1.075
32260,Saint Johns,1.065
32266,Atlantic Beach,1.075
32277,Jacksonville,1.075
32301,Tallahassee,1.075
32302,Tallahassee,1.075
32303,Tallahassee,1.075
32304,Tallahassee,1.075
32305,Tallahassee,1.075
32306,Tallahassee,1.075
32307,Tallahassee,1.075
32308,Tallahassee,1.075
32309,Tallahassee,1.075
32310,Tallahassee,1.075
32311,Tallahassee,1.075
32312,Tallahassee,1.075
32313,Tallahassee,1.075
32314,Tallahassee,1.075
32315,Tallahassee,1.075
32316,Tallahassee,1.075
32317,Tallahassee,1.075
32318,Leon,1.075
32320,Apalachicola,1.075
32321,Bristol,1.075
32322,Carrabelle,1.075
32323,Franklin,1.075
32324,Chattahoochee,1.075
32326,Wakulla,1.075
32327,St. Marks,1.075
32328,Franklin,1.075
32329,Apalachicola,1.075
32330,Greensboro,1.075
32331,Greenville,1.075
32332,Gretna,1.075
32333,Havana,1.075
32334,Liberty,1.075
32335,Liberty,1.075
32336,Madison,1.075
32337,Jefferson,1.07
32340,Lee,1.075
32341,Madison,1.075
32343,Midway,1.075
32344,Leon,1.075
32345,Monticello,1.07
32346,Franklin,1.075
32347,Perry,1.07
32348,Perry,1.07
32350,Madison,1.075
32351,Greensboro,1.075
32352,Quincy,1.075
32353,Quincy,1.075
32355,St. Marks,1.075
32356,Taylor,1.07
32357,Taylor,1.07
32358,Sopchoppy,1.075
32359,Dixie,1.07
32360,Liberty,1.075
32361,Jefferson,1.07
32362,Leon,1.075
32399,Tallahassee,1.075
32401,Panama City,1.07
32402,Panama City,1.07
32403,Bay,1.07
32404,Panama City,1.07
32405,Panama City,1.07
32406,Panama City,1.07
32407,Panama City Beach,1.07
32408,Panama City Beach,1.07
32409,Bay,1.07
32410,Mexico Beach,1.07
32411,Bay County Tourism Development District Sp,1.07
32412,Panama City,1.07
32413,Walton County Tourist Development District Sp,1.07
32417,Panama City Beach,1.07
32420,Alford,1.075
32421,Altha,1.075
32422,Walton,1.07
32423,Bascom,1.075
32424,Blountstown,1.075
32425,Bonifay,1.075
32426,Campbellton,1.075
32427,Caryville,1.075
32428,Chipley,1.075
32430,Calhoun,1.075
32431,Cottondale,1.075
32432,Jackson,1.075
32433,Walton,1.07
32434,Walton,1.07
32435,Walton,1.07
32437,Ebro,1.075
32438,Calhoun,1.075
32439,Walton,1.07
32440,Campbellton,1.075
32442,Grand Ridge,1.075
32443,Greenwood,1.075
32444,Panama City,1.07
32445,Malone,1.075
32446,Cottondale,1.075
32447,Marianna,1.075
32448,Marianna,1.075
32449,Calhoun,1.075
32452,Noma,1.075
32455,Ponce De Leon,1.075
32456,Franklin,1.075
32457,Port St. Joe,1.07
32459,Walton County Tourist Development District Sp,1.07
32460,Sneads,1.075
32461,Walton County Tourist Development District Sp,1.07
32462,Vernon,1.075
32463,Wausau,1.075
32464,Westville,1.075
32465,Calhoun,1.075
32466,Calhoun,1.075
32501,Pensacola,1.075
32502,Pensacola,1.075
32503,Pensacola,1.075
32504,Pensacola,1.075
32505,Pensacola,1.075
32506,Escambia,1.075
32507,Escambia,1.075
32508,Escambia,1.075
32509,Escambia,1.075
32511,Pensacola,1.075
32512,Escambia,1.075
32513,Escambia,1.075
32514,Pensacola,1.075
32516,Escambia,1.075
32520,Pensacola,1.075
32521,Pensacola,1.075
32522,Escambia,1.075
32523,Escambia,1.075
32524,Pensacola,1.075
32526,Pensacola,1.075
32530,Santa Rosa,1.07
32531,Okaloosa,1.07
32533,Escambia,1.075
32534,Escambia,1.075
32535,Century,1.075
32536,Okaloosa,1.07
32537,Okaloosa,1.07
32538,Paxton,1.07
32539,Okaloosa,1.07
32540,Destin,1.07
32541,Destin,1.07
32542,Okaloosa,1.07
32544,Okaloosa,1.07
32547,Okaloosa,1.07
32548,Okaloosa,1.07
32549,Fort Walton Beach,1.07
32550,Okaloosa County Tourism Development District Sp,1.07
32559,Pensacola,1.075
32560,Escambia,1.075
32561,Escambia,1.075
32562,Gulf Breeze,1.07
32563,Gulf Breeze,1.07
32564,Okaloosa,1.07
32565,Jay,1.07
32566,Santa Rosa,1.07
32567,Okaloosa,1.07
32568,Escambia,1.075
32569,Okaloosa,1.07
32570,Milton,1.07
32571,Santa Rosa,1.07
32572,Milton,1.07
32577,Escambia,1.075
32578,Niceville,1.07
32579,Okaloosa,1.07
32580,Niceville,1.07
32583,Milton,1.07
32588,Niceville,1.07
32591,Pensacola,1.075
32601,Gainesville,1.075
32602,Gainesville,1.075
32603,Gainesville,1.075
32604,Gainesville,1.075
32605,Gainesville,1.075
32606,Gainesville,1.075
32607,Gainesville,1.075
32608,Gainesville,1.075
32609,Gainesville,1.075
32610,Gainesville,1.075
32611,Gainesville,1.075
32612,Gainesville,1.075
32614,Gainesville,1.075
32615,Alachua,1.075
32616,Alachua,1.075
32617,Marion,1.07
32618,Archer,1.075
32619,Bell,1.07
32621,Bronson,1.07
32622,La Crosse,1.075
32625,Cedar Key,1.07
32626,Chiefland,1.07
32627,Gainesville,1.075
32628,Cross City,1.07
32631,Alachua,1.075
32633,Alachua,1.075
32634,Marion,1.07
32635,Gainesville,1.075
32639,Levy,1.07
32640,Hawthorne,1.075
32641,Gainesville,1.075
32643,Alachua,1.075
32644,Chiefland,1.07
32648,Horseshoe Beach,1.07
32653,Gainesville,1.075
32654,Alachua,1.075
32655,High Springs,1.075
32656,Keystone Heights,1.075
32658,La Crosse,1.075
32662,Alachua,1.075
32663,Marion,1.07
32664,Mcintosh,1.07
32666,Alachua,1.075
32667,Micanopy,1.075
32668,Marion,1.07
32669,Newberry,1.075
32680,Dixie,1.07
32681,Marion,1.07
32683,Otter Creek,1.07
32686,Reddick,1.07
32692,Dixie,1.07
32693,Alachua,1.075
32694,Waldo,1.075
32696,Alachua,1.075
32697,Worthington Springs,1.07
32701,Altamonte Springs,1.07
32702,Umatilla,1.07
32703,Seminole,1.07
32704,Apopka,1.065
32706,Volusia,1.065
32707,Casselberry,1.07
32708,Casselberry,1.07
32709,Brevard,1.07
32710,Orange,1.065
32712,Apopka,1.065
32713,Volusia,1.065
32714,Altamonte Springs,1.07
32715,Altamonte Springs,1.07
32716,Altamonte Springs,1.07
32718,Casselberry,1.07
32719,Winter Springs,1.07
32720,Lake,1.07
32721,Deland,1.065
32722,Volusia,1.065
32723,Deland,1.065
32724,Volusia,1.065
32725,Volusia,1.065
32726,Eustis,1.07
32727,Eustis,1.07
32728,Deltona,1.065
32730,Altamonte Springs,1.07
32732,Seminole,1.07
32733,Orange,1.065
32735,Eustis,1.07
32736,Eustis,1.07
32738,Volusia,1.065
32739,Deltona,1.065
32744,Volusia,1.065
32745,Seminole,1.07
32746,Lake Mary,1.07
32747,Sanford,1.07
32750,Longwood,1.07
32751,Altamonte Springs,1.07
32752,Longwood,1.07
32753,Debary,1.065
32754,Brevard,1.07
32756,Mount Dora,1.07
32757,Eustis,1.07
32759,Volusia,1.065
32762,Oviedo,1.07
32763,Volusia,1.065
32764,Volusia,1.065
32765,Oviedo,1.07
32766,Oviedo,1.07
32767,Lake,1.07
32768,Apopka,1.065
32771,Lake Mary,1.07
32772,Sanford,1.07
32773,Sanford,1.07
32774,Orange City,1.065
32775,Brevard,1.07
32776,Lake,1.07
32777,Orange,1.065
32778,Leesburg,1.07
32779,Altamonte Springs,1.07
32780,Titusville,1.07
32781,Titusville,1.07
32783,Titusville,1.07
32784,Eustis,1.07
32789,Seminole,1.07
32790,Winter Park,1.065
32791,Seminole,1.07
32792,Casselberry,1.07
32793,Orange,1.065
32794,Maitland,1.065
32795,Lake Mary,1.07
32796,Titusville,1.07
32798,Orange,1.065
32799,Lake Mary,1.07
32801,Orlando,1.065
32802,Orlando,1.065
32803,Orlando,1.065
32804,Orlando,1.065
32805,Orlando,1.065
32806,Edgewood,1.065
32807,Orlando,1.065
32808,Orlando,1.065
32809,Belle Isle,1.065
32810,Eatonville,1.065
32811,Orlando,1.065
32812,Belle Isle,1.065
32814,Orlando,1.065
32815,Brevard,1.07
32816,Seminole,1.07
32817,Seminole,1.07
32818,Ocoee,1.065
32819,Orlando,1.065
32820,Orange,1.065
32821,Belle Isle,1.065
32822,Orlando,1.065
32824,Osceola,1.075
32825,Orange,1.065
32826,Orange,1.065
32827,Orlando,1.065
32828,Orange,1.065
32829,Orlando,1.065
32830,Osceola,1.075
32831,Orange,1.065
32832,Orlando,1.065
32833,Orange,1.065
32834,Orange,1.065
32835,Orlando,1.065
32836,Bay Lake,1.065
32837,Orange,1.065
32839,Edgewood,1.065
32853,Orlando,1.065
32854,Orlando,1.065
32855,Orlando,1.065
32856,Orlando,1.065
32857,Orange,1.065
32858,Orange,1.065
32859,Orange,1.065
32860,Orange,1.065
32861,Orlando,1.065
32862,Orlando,1.065
32867,Orange,1.065
32868,Orange,1.065
32869,Orange,1.065
32872,Orange,1.065
32877,Orange,1.065
32878,Orange,1.065
32885,Orlando,1.065
32886,Orlando,1.065
32887,Orange,1.065
32891,Orlando,1.065
32896,Orlando,1.065
32897,Orlando,1.065
32899,Brevard,1.07
32901,Melbourne,1.07
32902,Melbourne,1.07
32903,Indialantic,1.07
32904,Melbourne,1.07
32905,Melbourne,1.07
32906,Palm Bay,1.07
32907,Palm Bay,1.07
32908,Palm Bay,1.07
32909,Grant-Valkaria,1.07
32910,Palm Bay,1.07
32911,Palm Bay,1.07
32912,West Melbourne,1.07
32919,Melbourne,1.07
32920,Cape Canaveral,1.07
32922,Cocoa,1.07
32923,Cocoa,1.07
32924,Cocoa,1.07
32925,Brevard,1.07
32926,Cocoa,1.07
32927,Brevard,1.07
32931,Cape Canaveral,1.07
32932,Cocoa Beach,1.07
32934,Melbourne,1.07
32935,Melbourne,1.07
32936,Melbourne,1.07
32937,Indian Harbour Beach,1.07
32940,Melbourne,1.07
32941,Brevard,1.07
32948,Palm Bay,1.07
32949,Grant-Valkaria,1.07
32950,Grant-Valkaria,1.07
32951,Melbourne Beach,1.07
32952,Brevard,1.07
32953,Brevard,1.07
32954,Brevard,1.07
32955,Rockledge,1.07
32956,Rockledge,1.07
32957,Indian River,1.07
32958,Sebastian,1.07
32959,Brevard,1.07
32960,Vero Beach,1.07
32961,Vero Beach,1.07
32962,Indian River,1.07
32963,Indian River Shores,1.07
32964,Vero Beach,1.07
32965,Indian River,1.07
32966,Fellsmere,1.07
32967,Fellsmere,1.07
32968,Indian River,1.07
32969,Indian River,1.07
32970,Indian River,1.07
32971,Indian River,1.07
32976,Palm Bay,1.07
32978,Sebastian,1.07
33001,Layton,1.075
33002,Hialheah,1.07
33004,Broward,1.07
33008,Hallandale Beach,1.07
33009,Hallandale Beach,1.07
33010,Hialheah,1.07
33011,Hialheah,1.07
33012,Hialheah,1.07
33013,Hialheah,1.07
33014,Hialheah,1.07
33015,Miami Lakes,1.07
33016,Hialeah Gardens,1.07
33017,Miami Dade Pro Sports Facilities District Sl,1.07
33018,Hialeah Gardens,1.07
33019,Hallandale Beach,1.07
33020,Dania Beach,1.07
33021,Hollywood,1.07
33022,Hollywood,1.07
33023,Hollywood,1.07
33024,Cooper City,1.07
33025,Cooper City,1.07
33026,Cooper City,1.07
33027,Miramar,1.07
33028,Pembroke Pines,1.07
33029,Miramar,1.07
33030,Homestead,1.07
33031,Miami Dade Pro Sports Facilities District Sl,1.07
33032,Miami Dade Pro Sports Facilities District Sl,1.07
33033,Homestead,1.07
33034,Homestead,1.07
33035,Homestead,1.07
33036,Islamorada  Village Of Islands,1.075
33037,Monroe,1.075
33039,Miami Dade Pro Sports Facilities District Sl,1.07
33040,Key West,1.075
33041,Key West,1.075
33042,Monroe,1.075
33043,Monroe,1.075
33045,Key West,1.075
33050,Marathon,1.075
33051,Key Colony Beach,1.075
33052,Marathon,1.075
33054,Miami Gardens,1.07
33055,Miami Gardens,1.07
33056,Miami Gardens,1.07
33060,Pompano Beach,1.07
33061,Pompano Beach,1.07
33062,Fort Lauderdale,1.07
33063,Coconut Creek,1.07
33064,Deerfield Beach,1.07
33065,Coral Springs,1.07
33066,Coconut Creek,1.07
33067,Coconut Creek,1.07
33068,Coral Springs,1.07
33069,Lighthouse Point,1.07
33070,Islamorada  Village Of Islands,1.075
33071,Coral Springs,1.07
33072,Pompano Beach,1.07
33073,Coconut Creek,1.07
33074,Lighthouse Point,1.07
33075,Coral Springs,1.07
33076,Coral Springs,1.07
33077,Coral Springs,1.07
33081,Hollywood,1.07
33082,Pembroke Pines,1.07
33083,Hollywood,1.07
33084,Pembroke Pines,1.07
33090,Homestead,1.07
33092,Miami Dade Pro Sports Facilities District Sl,1.07
33093,Coconut Creek,1.07
33097,Coconut Creek,1.07
33101,Miami,1.07
33102,Miami,1.07
33106,Doral,1.07
33109,Miami Dade Pro Sports Facilities District Sl,1.07
33111,Miami,1.07
33112,Sweetwater,1.07
33114,Coral Gables,1.07
33116,Miami Dade Pro Sports Facilities District Sl,1.07
33119,Miami Beach,1.07
33122,Miami Dade Pro Sports Facilities District Sl,1.07
33124,Miami,1.07
33125,Miami,1.07
33126,Miami Dade Pro Sports Facilities District Sl,1.07
33127,Miami,1.07
33128,Miami,1.07
33129,Miami,1.07
33130,Miami,1.07
33131,Miami,1.07
33132,Miami,1.07
33133,Miami,1.07
33134,Miami,1.07
33135,Miami,1.07
33136,Miami,1.07
33137,Miami,1.07
33138,Miami,1.07
33139,Miami,1.07
33140,Miami Dade Pro Sports Facilities District Sl,1.07
33141,North Bay Village,1.07
33142,Hialheah,1.07
33143,South Miami,1.07
33144,Miami,1.07
33145,Miami,1.07
33146,Miami,1.07
33147,Hialheah,1.07
33149,Key Biscayne,1.07
33150,Miami,1.07
33151,Miami,1.07
33152,Miami Dade Pro Sports Facilities District Sl,1.07
33153,Miami Shores,1.07
33154,Indian Creek,1.07
33155,South Miami,1.07
33156,Palmetto Bay,1.07
33157,Palmetto Bay,1.07
33158,Palmetto Bay,1.07
33160,North Miami,1.07
33161,Miami,1.07
33162,North Miami,1.07
33163,Miami Dade Pro Sports Facilities District Sl,1.07
33164,North Miami Beach,1.07
33165,Miami Dade Pro Sports Facilities District Sl,1.07
33166,Miami Dade Pro Sports Facilities District Sl,1.07
33167,North Miami,1.07
33168,Miami Shores,1.07
33169,Miami Gardens,1.07
33170,Miami Dade Pro Sports Facilities District Sl,1.07
33172,Sweetwater,1.07
33173,Pinecrest,1.07
33174,Sweetwater,1.07
33175,Miami,1.07
33176,Palmetto Bay,1.07
33177,Miami Dade Pro Sports Facilities District Sl,1.07
33178,Medley,1.07
33179,Miami Gardens,1.07
33180,North Miami Beach,1.07
33181,North Miami,1.07
33182,Sweetwater,1.07
33183,Miami Dade Pro Sports Facilities District Sl,1.07
33184,Miami Dade Pro Sports Facilities District Sl,1.07
33185,Miami Dade Pro Sports Facilities District Sl,1.07
33186,Miami Dade Pro Sports Facilities District Sl,1.07
33187,Miami Dade Pro Sports Facilities District Sl,1.07
33188,Miami,1.07
33189,Cutler Bay,1.07
33190,Cutler Bay,1.07
33191,Doral,1.07
33192,Sweetwater,1.07
33193,Palmetto Bay,1.07
33194,Miami Dade Pro Sports Facilities District Sl,1.07
33195,Medley,1.07
33196,Palmetto Bay,1.07
33197,Miami Dade Pro Sports Facilities District Sl,1.07
33198,Doral,1.07
33199,Miami Dade Pro Sports Facilities District Sl,1.07
33206,Miami,1.07
33222,Doral,1.07
33231,Miami,1.07
33233,Miami,1.07
33234,Coral Gables,1.07
33238,Miami,1.07
33239,Miami Beach,1.07
33242,Miami,1.07
33243,South Miami,1.07
33245,Miami,1.07
33247,Miami Dade Pro Sports Facilities District Sl,1.07
33255,Miami Dade Pro Sports Facilities District Sl,1.07
33256,Pinecrest,1.07
33257,Palmetto Bay,1.07
33261,North Miami,1.07
33265,Miami Dade Pro Sports Facilities District Sl,1.07
33266,Miami Springs,1.07
33269,Miami Gardens,1.07
33280,Aventura,1.07
33283,Miami Dade Pro Sports Facilities District Sl,1.07
33296,Miami Dade Pro Sports Facilities District Sl,1.07
33299,Miami,1.07
33301,Fort Lauderdale,1.07
33302,Fort Lauderdale,1.07
33303,Fort Lauderdale,1.07
33304,Fort Lauderdale,1.07
33305,Fort Lauderdale,1.07
33306,Fort Lauderdale,1.07
33307,Oakland Park,1.07
33308,Fort Lauderdale,1.07
33309,Fort Lauderdale,1.07
33310,Oakland Park,1.07
33311,Fort Lauderdale,1.07
33312,Dania Beach,1.07
33313,Lauderdale Lakes,1.07
33314,Dania Beach,1.07
33315,Fort Lauderdale,1.07
33316,Dania Beach,1.07
33317,Davie,1.07
33318,Plantation,1.07
33319,Lauderdale Lakes,1.07
33320,Tamarac,1.07
33321,North Lauderdale,1.07
33322,Plantation,1.07
33323,Plantation,1.07
33324,Davie,1.07
33325,Davie,1.07
33326,Davie,1.07
33327,Weston,1.07
33328,Cooper City,1.07
33329,Davie,1.07
33330,Cooper City,1.07
33331,Davie,1.07
33332,Pembroke Pines,1.07
33334,Fort Lauderdale,1.07
33335,Fort Lauderdale,1.07
33336,Fort Lauderdale,1.07
33337,Fort Lauderdale,1.07
33338,Fort Lauderdale,1.07
33339,Fort Lauderdale,1.07
33340,Fort Lauderdale,1.07
33345,Sunrise,1.07
33346,Fort Lauderdale,1.07
33348,Fort Lauderdale,1.07
33349,Fort Lauderdale,1.07
33351,Lauderhill,1.07
33355,Davie,1.07
33359,North Lauderdale,1.07
33388,Plantation,1.07
33394,Fort Lauderdale,1.07
33401,West Palm Beach,1.07
33402,West Palm Beach,1.07
33403,Lake Park,1.07
33404,Lake Park,1.07
33405,West Palm Beach,1.07
33406,Palm Beach,1.07
33407,Mangonia Park,1.07
33408,Juno Beach,1.07
33409,Haverhill,1.07
33410,North Palm Beach,1.07
33411,Royal Palm Beach,1.07
33412,Palm Beach Gardens,1.07
33413,Greenacres,1.07
33414,Royal Palm Beach,1.07
33415,Palm Beach,1.07
33416,Palm Beach,1.07
33417,Haverhill,1.07
33418,Jupiter,1.07
33419,Riviera Beach,1.07
33420,Palm Beach Gardens,1.07
33421,Royal Palm Beach,1.07
33422,Palm Beach,1.07
33424,Boynton Beach,1.07
33425,Boynton Beach,1.07
33426,Boynton Beach,1.07
33427,Boca Raton,1.07
33428,Palm Beach,1.07
33429,Boca Raton,1.07
33430,Belle Glade,1.07
33431,Boca Raton,1.07
33432,Boca Raton,1.07
33433,Boca Raton,1.07
33434,Boca Raton,1.07
33435,Boynton Beach,1.07
33436,Boynton Beach,1.07
33437,Palm Beach,1.07
33438,Pahokee,1.07
33440,Clewiston,1.075
33441,Deerfield Beach,1.07
33442,Deerfield Beach,1.07
33443,Deerfield Beach,1.07
33444,Boynton Beach,1.07
33445,Delray Beach,1.07
33446,Palm Beach,1.07
33448,Palm Beach,1.07
33449,Wellington,1.07
33454,Greenacres,1.07
33455,Jupiter Island,1.065
33458,Jupiter,1.07
33459,Palm Beach,1.07
33460,Lake Worth,1.07
33461,Atlantis,1.07
33462,Atlantis,1.07
33463,Atlantis,1.07
33464,Lantana,1.07
33465,Lantana,1.07
33466,Palm Springs,1.07
33467,Greenacres,1.07
33468,Jupiter,1.07
33469,Jupiter,1.07
33470,Loxahatchee Groves,1.07
33471,Hendry,1.075
33472,Palm Beach,1.07
33473,Palm Beach,1.07
33474,Palm Beach,1.07
33475,Martin,1.065
33476,Pahokee,1.07
33477,Juno Beach,1.07
33478,Jupiter,1.07
33480,Lake Worth,1.07
33481,Boca Raton,1.07
33482,Delray Beach,1.07
33483,Boynton Beach,1.07
33484,Delray Beach,1.07
33486,Boca Raton,1.07
33487,Boca Raton,1.07
33488,Palm Beach,1.07
33493,South Bay,1.07
33496,Boca Raton,1.07
33497,Palm Beach,1.07
33498,Palm Beach,1.07
33499,Boca Raton,1.07
33503,Hillsborough,1.075
33508,Hillsborough,1.075
33509,Hillsborough,1.075
33510,Hillsborough,1.075
33511,Hillsborough,1.075
33513,Bushnell,1.07
33514,Center Hill,1.07
33521,Coleman,1.07
33523,Dade City,1.07
33524,Pasco,1.07
33525,Dade City,1.07
33526,Dade City,1.07
33527,Hillsborough,1.075
33530,Hillsborough,1.075
33534,Hillsborough,1.075
33537,Pasco,1.07
33538,Bushnell,1.07
33539,Zephyrhills,1.07
33540,Hillsborough,1.075
33541,Hillsborough,1.075
33542,Zephyrhills,1.07
33543,Tampa,1.075
33544,Hillsborough,1.075
33545,Pasco,1.07
33547,Hillsborough,1.075
33548,Hillsborough,1.075
33549,Hillsborough,1.075
33550,Hillsborough,1.075
33556,Hillsborough,1.075
33558,Hillsborough,1.075
33559,Hillsborough,1.075
33563,Plant City,1.075
33564,Plant City,1.075
33565,Plant City,1.075
33566,Plant City,1.075
33567,Plant City,1.075
33568,Hillsborough,1.075
33569,Hillsborough,1.075
33570,Hillsborough,1.075
33571,Hillsborough,1.075
33572,Hillsborough,1.075
33573,Hillsborough,1.075
33574,St. Leo,1.07
33575,Hillsborough,1.075
33576,San Antonio,1.07
33578,Hillsborough,1.075
33579,Hillsborough,1.075
33583,Hillsborough,1.075
33584,Hillsborough,1.075
33585,Bushnell,1.07
33586,Hillsborough,1.075
33587,Hillsborough,1.075
33592,Tampa,1.075
33593,Pasco,1.07
33594,Hillsborough,1.075
33595,Hillsborough,1.075
33596,Hillsborough,1.075
33597,Bushnell,1.07
33598,Hillsborough,1.075
33601,Tampa,1.075
33602,Tampa,1.075
33603,Tampa,1.075
33604,Tampa,1.075
33605,Tampa,1.075
33606,Tampa,1.075
33607,Tampa,1.075
33608,Tampa,1.075
33609,Tampa,1.075
33610,Tampa,1.075
33611,Tampa,1.075
33612,Tampa,1.075
33613,Tampa,1.075
33614,Tampa,1.075
33615,Hillsborough,1.075
33616,Tampa,1.075
33617,Tampa,1.075
33618,Tampa,1.075
33619,Tampa,1.075
33620,Tampa,1.075
33621,Tampa,1.075
33622,Tampa,1.075
33623,Tampa,1.075
33624,Hillsborough,1.075
33625,Hillsborough,1.075
33626,Hillsborough,1.075
33629,Tampa,1.075
33630,Tampa,1.075
33631,Tampa,1.075
33633,Tampa,1.075
33634,Tampa,1.075
33635,Hillsborough,1.075
33637,Tampa,1.075
33646,Tampa,1.075
33647,Tampa,1.075
33650,Tampa,1.075
33655,Tampa,1.075
33660,Tampa,1.075
33664,Tampa,1.075
33672,Tampa,1.075
33673,Tampa,1.075
33674,Tampa,1.075
33675,Tampa,1.075
33677,Tampa,1.075
33679,Tampa,1.075
33680,Tampa,1.075
33681,Tampa,1.075
33682,Hillsborough,1.075
33684,Tampa,1.075
33685,Hillsborough,1.075
33686,Tampa,1.075
33687,Temple Terrace,1.075
33688,Hillsborough,1.075
33689,Hillsborough,1.075
33694,Hillsborough,1.075
33701,St. Petersburg,1.07
33702,Pinellas Park,1.07
33703,St. Petersburg,1.07
33704,St. Petersburg,1.07
33705,St. Petersburg,1.07
33706,St. Pete Beach,1.07
33707,Gulfport,1.07
33708,Madeira Beach,1.07
33709,Kenneth City,1.07
33710,St. Petersburg,1.07
33711,Gulfport,1.07
33712,Gulfport,1.07
33713,St. Petersburg,1.07
33714,Pinellas Park,1.07
33715,St. Petersburg,1.07
33716,Pinellas Park,1.07
33729,St. Petersburg,1.07
33730,St. Petersburg,1.07
33731,St. Petersburg,1.07
33732,St. Petersburg,1.07
33733,St. Petersburg,1.07
33734,St. Petersburg,1.07
33736,St. Pete Beach,1.07
33738,Madeira Beach,1.07
33740,Treasure Island,1.07
33741,St. Pete Beach,1.07
33742,St. Petersburg,1.07
33743,St. Petersburg,1.07
33744,Seminole,1.07
33747,St. Petersburg,1.07
33755,Clearwater,1.07
33756,Belleair Bluffs,1.07
33757,Clearwater,1.07
33758,Clearwater,1.07
33759,Clearwater,1.07
33760,Largo,1.07
33761,Clearwater,1.07
33762,Pinellas,1.07
33763,Clearwater,1.07
33764,Clearwater,1.07
33765,Clearwater,1.07
33766,Clearwater,1.07
33767,Clearwater,1.07
33769,Clearwater,1.07
33770,Belleair Bluffs,1.07
33771,Largo,1.07
33772,Seminole,1.07
33773,Largo,1.07
33774,Largo,1.07
33775,Pinellas,1.07
33776,Seminole,1.07
33777,Pinellas Park,1.07
33778,Largo,1.07
33779,Largo,1.07
33780,Pinellas Park,1.07
33781,Pinellas Park,1.07
33782,Pinellas Park,1.07
33784,St. Petersburg,1.07
33785,Indian Rocks Beach,1.07
33786,Belleair Beach,1.07
33801,Lakeland,1.07
33802,Lakeland,1.07
33803,Lakeland,1.07
33804,Lakeland,1.07
33805,Lakeland,1.07
33806,Lakeland,1.07
33807,Polk,1.07
33809,Lakeland,1.07
33810,Hillsborough,1.075
33811,Lakeland,1.07
33812,Polk,1.07
33813,Lakeland,1.07
33815,Lakeland,1.07
33820,Polk,1.07
33823,Auburndale,1.07
33825,Avon Park,1.075
33826,Avon Park,1.075
33827,Frostproof,1.07
33830,Bartow,1.07
33831,Bartow,1.07
33834,Bowling Green,1.07
33835,Polk,1.07
33836,Davenport,1.07
33837,Davenport,1.07
33838,Dundee,1.07
33839,Eagle Lake,1.07
33840,Polk,1.07
33841,Fort Meade,1.07
33843,Frostproof,1.07
33844,Davenport,1.07
33845,Haines City,1.07
33846,Polk,1.07
33847,Polk,1.07
33848,Osceola,1.075
33849,Pasco,1.07
33850,Lake Alfred,1.07
33851,Lake Hamilton,1.07
33852,Lake Placid,1.075
33853,Lake Wales,1.07
33854,Polk,1.07
33855,Polk,1.07
33856,Polk,1.07
33857,Highlands,1.075
33858,Polk,1.07
33859,Lake Wales,1.07
33860,Hillsborough,1.075
33862,Lake Placid,1.075
33863,Polk,1.07
33865,De Soto,1.075
33867,Polk,1.07
33868,Auburndale,1.07
33870,Sebring,1.075
33871,Sebring,1.075
33872,Sebring,1.075
33873,Wauchula,1.07
33875,Sebring,1.075
33876,Sebring,1.075
33877,Lake Wales,1.07
33880,Bartow,1.07
33881,Auburndale,1.07
33882,Winter Haven,1.07
33883,Winter Haven,1.07
33884,Dundee,1.07
33885,Winter Haven,1.07
33888,Polk,1.07
33890,De Soto,1.075
33896,Osceola,1.075
33897,Osceola,1.075
33898,Dundee,1.07
33901,Fort Myers,1.065
33902,Fort Myers,1.065
33903,Cape Coral,1.065
33904,Cape Coral,1.065
33905,Fort Myers,1.065
33906,Lee,1.065
33907,Fort Myers,1.065
33908,Lee,1.065
33909,Cape Coral,1.065
33910,Cape Coral,1.065
33911,Lee,1.065
33912,Fort Myers,1.065
33913,Fort Myers,1.065
33914,Cape Coral,1.065
33915,Cape Coral,1.065
33916,Fort Myers,1.065
33917,Charlotte,1.07
33918,Lee,1.065
33919,Fort Myers,1.065
33920,Hendry,1.075
33921,Charlotte,1.07
33922,Lee,1.065
33924,Lee,1.065
33927,Charlotte,1.07
33928,Collier,1.07
33929,Estero,1.065
33930,Hendry,1.075
33931,Bonita Springs,1.065
33932,Fort Myers Beach,1.065
33935,Labelle,1.075
33936,Hendry,1.075
33938,Charlotte,1.07
33944,Glades,1.07
33945,Lee,1.065
33946,Charlotte,1.07
33947,Charlotte,1.07
33948,Charlotte,1.07
33949,Charlotte,1.07
33950,Punta Gorda,1.07
33951,Punta Gorda,1.07
33952,Charlotte,1.07
33953,North Port,1.07
33954,Charlotte,1.07
33955,Punta Gorda,1.07
33956,Lee,1.065
33957,Sanibel,1.065
33960,Highlands,1.075
33965,Lee,1.065
33966,Fort Myers,1.065
33967,Estero,1.065
33970,Lee,1.065
33971,Fort Myers,1.065
33972,Hendry,1.075
33973,Lee,1.065
33974,Lee,1.065
33975,Labelle,1.075
33976,Lee,1.065
33980,Charlotte,1.07
33981,Charlotte,1.07
33982,Charlotte,1.07
33983,Charlotte,1.07
33990,Cape Coral,1.065
33991,Cape Coral,1.065
33993,Cape Coral,1.065
33994,Lee,1.065
34101,Naples,1.07
34102,Naples,1.07
34103,Naples,1.07
34104,Naples,1.07
34105,Naples,1.07
34106,Collier,1.07
34107,Collier,1.07
34108,Naples,1.07
34109,Collier,1.07
34110,Collier,1.07
34112,Naples,1.07
34113,Collier,1.07
34114,Collier,1.07
34116,Collier,1.07
34117,Collier,1.07
34119,Collier,1.07
34120,Collier,1.07
34133,Bonita Springs,1.065
34134,Collier,1.07
34135,Collier,1.07
34136,Bonita Springs,1.065
34137,Collier,1.07
34138,Collier,1.07
34139,Everglades,1.07
34140,Collier,1.07
34141,Monroe,1.075
34142,Hendry,1.075
34143,Collier,1.07
34145,Marco Island,1.07
34146,Marco Island,1.07
34201,Manatee,1.07
34202,Manatee,1.07
34203,Manatee,1.07
34204,Manatee,1.07
34205,Bradenton,1.07
34206,Manatee,1.07
34207,Manatee,1.07
34208,Bradenton,1.07
34209,Bradenton,1.07
34210,Bradenton,1.07
34211,Manatee,1.07
34212,Manatee,1.07
34215,Manatee,1.07
34216,Anna Maria,1.07
34217,Bradenton Beach,1.07
34218,Holmes Beach,1.07
34219,Manatee,1.07
34220,Palmetto,1.07
34221,Palmetto,1.07
34222,Manatee,1.07
34223,Charlotte,1.07
34224,Charlotte,1.07
34228,Longboat Key,1.07
34229,Sarasota,1.07
34230,Sarasota,1.07
34231,Sarasota,1.07
34232,Sarasota,1.07
34233,Sarasota,1.07
34234,Sarasota,1.07
34235,Sarasota,1.07
34236,Sarasota,1.07
34237,Sarasota,1.07
34238,Sarasota,1.07
34239,Sarasota,1.07
34240,Manatee,1.07
34241,Sarasota,1.07
34242,Sarasota,1.07
34243,Manatee,1.07
34249,Sarasota,1.07
34250,Manatee,1.07
34251,Hardee,1.07
34260,Manatee,1.07
34264,Manatee,1.07
34265,Arcadia,1.075
34266,Arcadia,1.075
34267,De Soto,1.075
34268,De Soto,1.075
34269,De Soto,1.075
34270,Manatee,1.07
34272,Sarasota,1.07
34274,Sarasota,1.07
34275,Venice,1.07
34276,Sarasota,1.07
34277,Sarasota,1.07
34280,Manatee,1.07
34281,Manatee,1.07
34282,Manatee,1.07
34284,Venice,1.07
34285,Venice,1.07
34286,North Port,1.07
34287,North Port,1.07
34288,North Port,1.07
34289,North Port,1.07
34290,North Port,1.07
34291,North Port,1.07
34292,Venice,1.07
34293,North Port,1.07
34295,Sarasota,1.07
34420,Belleview,1.07
34421,Marion,1.07
34423,Crystal River,1.06
34428,Crystal River,1.06
34429,Crystal River,1.06
34430,Dunnellon,1.07
34431,Dunnellon,1.07
34432,Dunnellon,1.07
34433,Citrus,1.06
34434,Citrus,1.06
34436,Hernando,1.065
34441,Citrus,1.06
34442,Citrus,1.06
34445,Citrus,1.06
34446,Hernando,1.065
34447,Citrus,1.06
34448,Citrus,1.06
34449,Inglis,1.07
34450,Inverness,1.06
34451,Inverness,1.06
34452,Inverness,1.06
34453,Inverness,1.06
34460,Citrus,1.06
34461,Hernando,1.065
34464,Citrus,1.06
34465,Citrus,1.06
34470,Ocala,1.07
34471,Ocala,1.07
34472,Marion,1.07
34473,Marion,1.07
34474,Ocala,1.07
34475,Ocala,1.07
34476,Ocala,1.07
34477,Ocala,1.07
34478,Ocala,1.07
34479,Ocala,1.07
34480,Ocala,1.07
34481,Ocala,1.07
34482,Ocala,1.07
34483,Marion,1.07
34484,Wildwood,1.07
34487,Citrus,1.06
34488,Ocala,1.07
34489,Marion,1.07
34491,Belleview,1.07
34492,Marion,1.07
34498,Yankeetown,1.07
34601,Brooksville,1.065
34602,Pasco,1.07
34603,Brooksville,1.065
34604,Pasco,1.07
34605,Brooksville,1.065
34606,Pasco,1.07
34607,Hernando,1.065
34608,Hernando,1.065
34609,Hernando,1.065
34610,Pasco,1.07
34611,Hernando,1.065
34613,Hernando,1.065
34614,Hernando,1.065
34636,Hernando,1.065
34637,Pasco,1.07
34638,Pasco,1.07
34639,Pasco,1.07
34652,New Port Richey,1.07
34653,New Port Richey,1.07
34654,Pasco,1.07
34655,Pasco,1.07
34656,New Port Richey,1.07
34660,Pinellas,1.07
34661,Hernando,1.065
34667,Pasco,1.07
34668,New Port Richey,1.07
34669,Pasco,1.07
34673,Pasco,1.07
34674,Pasco,1.07
34677,Hillsborough,1.075
34679,Pasco,1.07
34680,Pasco,1.07
34681,Pinellas,1.07
34682,Pinellas,1.07
34683,Dunedin,1.07
34684,Pinellas,1.07
34685,Pinellas,1.07
34688,Hillsborough,1.075
34689,Tarpon Springs,1.07
34690,Pasco,1.07
34691,Pasco,1.07
34692,Pasco,1.07
34695,Clearwater,1.07
34697,Dunedin,1.07
34698,Clearwater,1.07
34705,Astatula,1.07
34711,Clermont,1.07
34712,Clermont,1.07
34713,Lake,1.07
34714,Clermont,1.07
34715,Clermont,1.07
34729,Lake,1.07
34731,Lady Lake,1.07
34734,Ocoee,1.065
34736,Groveland,1.07
34737,Howey-In-The-Hills,1.07
34739,Osceola,1.075
34740,Oakland,1.065
34741,Kissimmee,1.075
34742,Kissimmee,1.075
34743,Kissimmee,1.075
34744,Kissimmee,1.075
34745,Osceola,1.075
34746,Kissimmee,1.075
34747,Osceola,1.075
34748,Leesburg,1.07
34749,Leesburg,1.07
34753,Mascotte,1.07
34755,Minneola,1.07
34756,Minneola,1.07
34758,Osceola,1.075
34759,Osceola,1.075
34760,Oakland,1.065
34761,Ocoee,1.065
34762,Leesburg,1.07
34769,St. Cloud,1.075
34770,St. Cloud,1.075
34771,St. Cloud,1.075
34772,St. Cloud,1.075
34773,Osceola,1.075
34777,Winter Garden,1.065
34778,Winter Garden,1.065
34785,Coleman,1.07
34786,Ocoee,1.065
34787,Clermont,1.07
34788,Leesburg,1.07
34789,Leesburg,1.07
34797,Lake,1.07
34945,Fort Pierce,1.07
34946,Fort Pierce,1.07
34947,Fort Pierce,1.07
34948,Fort Pierce,1.07
34949,Fort Pierce,1.07
34950,Fort Pierce,1.07
34951,Indian River,1.07
34952,Port St. Lucie,1.07
34953,Port St. Lucie,1.07
34954,Fort Pierce,1.07
34956,Saint Lucie,1.07
34957,Port St. Lucie,1.07
34958,Martin,1.065
34972,Highlands,1.075
34973,Okeechobee,1.07
34974,Highlands,1.075
34979,Saint Lucie,1.07
34981,Fort Pierce,1.07
34982,Fort Pierce,1.07
34983,Port St. Lucie,1.07
34984,Port St. Lucie,1.07
34985,Port St. Lucie,1.07
34986,Port St. Lucie,1.07
34987,Port St. Lucie,1.07
34988,Port St. Lucie,1.07
34990,Port St. Lucie,1.07
34991,Martin,1.065
34992,Martin,1.065
34994,Saint Lucie,1.07
34995,Stuart,1.065
34996,Sewall's Point,1.065
34997,Stuart,1.065
