60002,Antioch,1.08
60004,Arlington Heights,1.1
60005,Arlington Heights,1.1
60006,Arlington Heights,1.1
60007,Chicago Metro Pier And Exposition Authority District,1.1025
60008,Arlington Heights,1.1
60009,Elk Grove Village,1.1
60010,Deer Park,1.1
60011,Barrington,1.09
60012,Crystal Lake,1.0775
60013,Algonquin,1.08
60014,Lakewood,1.08
60015,Deerfield,1.1
60016,Niles,1.1025
60017,Des Plaines,1.1
60018,Chicago Metro Pier And Exposition Authority District,1.1025
60019,Des Plaines,1.1
60020,Fox Lake Central Bd Sp,1.08
60021,Fox River Grove 1050 Hwy Sp,1.08
60022,Regional Transport. Authority (Rta),1.09
60025,Glenview Chestnut-Waukegan Business District Sp,1.1075
60026,Northbrook,1.1
60029,Morton Grove,1.1025
60030,Volo,1.08
60031,Waukegan,1.085
60033,Boone,1.0775
60034,Regional Transport. Authority (Rta),1.07
60035,Regional Transport. Authority (Rta),1.09
60037,Lake Forest,1.08
60038,Palatine,1.1
60039,Crystal Lake,1.0775
60040,Highwood,1.0875
60041,Fox Lake South Bd Sp,1.08
60042,Regional Transport. Authority (Rta),1.07
60043,Wilmette,1.1
60044,Lake Bluff,1.08
60045,Highland Park,1.08
60046,Lake Villa Downtown Bd Sp,1.08
60047,Long Grove Rte 83 Bd Sp,1.09
60048,Libertyville,1.085
60050,Mchenry,1.0775
60051,Volo,1.08
60053,Morton Grove Dempster Waukegan Business District,1.105
60055,Palatine,1.1
60056,Mount Prospect Bd Sp,1.1025
60060,Libertyville,1.085
60061,Mundelein,1.08
60062,Northfield,1.1
60064,North Chicago,1.08
60065,Northbrook,1.1
60067,Hoffman Estates,1.1
60068,Chicago,1.1025
60069,Buffalo Grove,1.08
60070,Arlington Heights,1.1
60071,Spring Grove,1.0775
60072,Spring Grove,1.0775
60073,Volo,1.08
60074,Deer Park,1.1
60075,Regional Transport. Authority (Rta),1.07
60076,Chicago,1.1025
60077,Skokie,1.1125
60078,Palatine,1.1
60079,Waukegan,1.085
60081,Fox Lake Central Bd Sp,1.08
60082,Northbrook,1.1
60083,Waukegan,1.085
60084,Volo,1.08
60085,Waukegan,1.085
60086,North Chicago,1.08
60087,Waukegan,1.085
60088,Lake Bluff,1.08
60089,Arlington Heights,1.1
60090,Arlington Heights,1.1
60091,Skokie,1.1025
60093,Northfield,1.1
60094,Palatine,1.1
60095,Palatine,1.1
60096,Regional Transport. Authority (Rta),1.07
60097,Regional Transport. Authority (Rta),1.07
60098,Lakewood,1.08
60099,Waukegan,1.085
60101,Addison,1.0825
60102,Carpentersville,1.09
60103,Elgin,1.105
60104,Regional Transport. Authority (Rta),1.105
60105,Bensenville,1.08
60106,Bensenville,1.1
60107,Bartlett,1.1
60108,Bloomingdale/Indian Lakes Resort,1.085
60109,Burlington,1.07
60110,Carpentersville,1.09
60111,Dekalb,1.0625
60112,Dekalb,1.08
60113,Creston,1.0625
60115,Dekalb,1.08
60116,Carol Stream,1.08
60117,Bloomingdale,1.075
60118,East Dundee,1.11
60119,Elburn,1.08
60120,Elgin,1.105
60121,Elgin,1.085
60122,Carol Stream,1.08
60123,Elgin,1.085
60124,Elgin,1.085
60126,Berkeley,1.1
60128,Carol Stream,1.08
60129,Dekalb,1.0625
60130,Forest Park,1.1
60131,Chicago,1.1025
60132,Carol Stream,1.08
60133,Hanover Park,1.1
60134,Batavia,1.08
60135,Boone,1.0775
60136,Elgin,1.085
60137,Glen Ellyn,1.0825
60138,Glen Ellyn,1.0825
60139,Glendale Heights,1.0825
60140,Elgin,1.085
60141,Regional Transport. Authority (Rta),1.09
60142,Algonquin,1.08
60143,Addison,1.0825
60144,Kaneville,1.07
60145,Boone,1.0775
60146,Boone,1.0775
60147,Regional Transport. Authority (Rta),1.07
60148,Lombard,1.09
60150,Dekalb,1.0625
60151,Elburn,1.08
60152,Boone,1.0775
60153,Regional Transport. Authority (Rta),1.105
60154,Broadview,1.1
60155,Broadview,1.1
60156,Algonquin,1.08
60157,Bloomingdale,1.075
60159,Schaumburg,1.1
60160,River Grove,1.11
60161,Melrose Park,1.105
60162,Regional Transport. Authority (Rta),1.105
60163,Melrose Park,1.105
60164,Melrose Park,1.105
60165,Melrose Park,1.105
60168,Schaumburg,1.1
60169,Hoffman Estates,1.1
60171,River Grove,1.11
60172,Elk Grove Village,1.1
60173,Hoffman Estates,1.1
60174,Saint Charles,1.08
60175,Elgin,1.085
60176,Franklin Park,1.1
60177,Elgin,1.085
60178,Dekalb,1.08
60179,Hoffman Estates,1.1
60180,Regional Transport. Authority (Rta),1.07
60181,Oakbrook Terrace Sq Bd Sp,1.09
60183,Campton Hills,1.07
60184,Saint Charles,1.08
60185,Warrenville,1.0825
60186,West Chicago,1.08
60187,Glen Ellyn,1.0825
60188,Glendale Heights,1.0825
60189,Glen Ellyn,1.0825
60190,Winfield,1.075
60191,Addison,1.0825
60192,Hoffman Estates,1.1
60193,Elk Grove Village,1.1
60194,Hoffman Estates,1.1
60195,Hoffman Estates,1.1
60196,Schaumburg,1.1
60197,Carol Stream,1.08
60199,Carol Stream,1.08
60201,Evanston,1.1025
60202,Evanston,1.1025
60203,Evanston,1.1025
60204,Evanston,1.1025
60208,Evanston,1.1025
60301,Oak Park,1.1
60302,Chicago,1.1025
60303,Oak Park,1.1
60304,Oak Park,1.1
60305,Elmwood Park,1.1
60399,Wood Dale,1.08
60401,Beecher,1.08
60402,Berwyn,1.1075
60403,Joliet,1.0875
60404,Joliet,1.0875
60406,Robbins,1.105
60407,Regional Transport. Authority (Rta),1.07
60408,Regional Transport. Authority (Rta),1.07
60409,Calumet City Sibley/East End Avenue Bdd,1.11
60410,Joliet,1.0875
60411,Chicago Heights,1.1
60412,Chicago Heights,1.1
60415,Chicago Ridge,1.105
60416,Regional Transport. Authority (Rta),1.07
60417,University Park,1.08
60418,Crestwood,1.1
60419,Chicago,1.1025
60420,Dwight,1.0825
60421,Joliet,1.0875
60422,Country Club Hills,1.1025
60423,Frankfort,1.1
60424,Grundy,1.0625
60425,Glenwood,1.1
60426,Harvey,1.115
60428,Harvey,1.105
60429,Harvey,1.105
60430,Country Club Hills,1.1025
60431,Joliet,1.09
60432,New Lenox,1.09
60433,New Lenox,1.09
60434,Joliet,1.0875
60435,Joliet,1.0875
60436,Joliet Rt53 Laraway Bd Sp,1.0975
60437,La Salle,1.065
60438,Lansing,1.095
60439,Lemont,1.1
60440,Bolingbrook,1.085
60441,Joliet,1.0875
60442,New Lenox,1.09
60443,Richton Park Sauk Trail Bd Sp,1.115
60444,Grundy,1.0625
60445,Crestwood,1.1
60446,Bolingbrook,1.085
60447,Joliet,1.09
60448,Orland Park,1.0975
60449,University Park,1.1
60450,Channahon,1.0725
60451,New Lenox,1.09
60452,Midlothian,1.1
60453,Chicago,1.1025
60454,Oak Lawn,1.1025
60455,Oak Lawn,1.1025
60456,Oak Lawn,1.1025
60457,Bridgeview,1.1
60458,Bedford Park,1.1
60459,Oak Lawn,1.1025
60460,Livingston,1.0725
60461,Matteson,1.1
60462,Oak Forest,1.1
60463,Alsip,1.1
60464,Orland Park,1.0975
60465,Worth,1.1
60466,University Park,1.1
60467,Orland Hills,1.1
60468,Peotone,1.08
60469,Markham,1.1
60470,Livingston,1.0725
60471,Richton Park Sauk Trail Bd Sp,1.115
60472,Robbins,1.105
60473,Harvey,1.105
60474,Grundy,1.0625
60475,South Chicago Heights,1.1
60476,South Holland,1.095
60477,Country Club Hills,1.1025
60478,Country Club Hills,1.1025
60479,Grundy,1.0625
60480,Willow Springs,1.1
60481,Channahon,1.08
60482,Alsip,1.1
60484,Richton Park,1.1
60487,Orland Hills,1.1
60490,Bolingbrook,1.085
60491,Orland Park,1.0975
60499,Bedford Park,1.1
60501,Bedford Park,1.1
60502,Aurora,1.0825
60503,Aurora,1.085
60504,Aurora,1.0875
60505,Aurora,1.0825
60506,Aurora,1.0825
60507,Aurora,1.0825
60510,Aurora,1.0825
60511,Sugar Grove,1.08
60512,Montgomery,1.0825
60513,Brookfield,1.1
60514,Willowbrook,1.08
60515,Lombard,1.08
60516,Darien,1.08
60517,Bolingbrook,1.085
60518,Lee,1.0775
60519,Regional Transport. Authority (Rta),1.07
60520,Hinckley,1.0725
60521,Hinsdale,1.1
60522,Hinsdale,1.08
60523,Westchester,1.1
60525,La Grange Park 31St St Barnsdale Bd Sp,1.1
60526,La Grange Park 31St Street Maple Avenue Bd Sp,1.1
60527,Burr Ridge,1.1025
60530,Lee,1.0775
60531,La Salle,1.065
60532,Woodridge,1.0775
60534,Brookfield,1.1
60536,Kendall,1.0725
60537,Kendall,1.0725
60538,Oswego,1.085
60539,Batavia,1.08
60540,Naperville Downtown Food & Beverage Dist,1.0775
60541,Yorkville,1.0825
60542,Aurora,1.0825
60543,Plainfield,1.0875
60544,Joliet,1.0875
60545,Sandwich,1.0825
60546,Riverside,1.11
60548,Sandwich,1.0825
60549,La Salle,1.065
60550,Shabbona,1.0725
60551,La Salle,1.065
60552,La Salle,1.065
60553,Lee,1.0775
60554,Sugar Grove,1.09
60555,Warrenville,1.0825
60556,Waterman,1.0725
60557,La Salle,1.065
60558,La Grange,1.1
60559,Darien,1.08
60560,Yorkville Countryside Center Business District Sp,1.0925
60561,Darien,1.08
60563,Aurora,1.0825
60564,Plainfield,1.085
60565,Bolingbrook,1.085
60566,Naperville Downtown Food & Beverage Dist,1.0775
60567,Naperville,1.0775
60568,Aurora,1.0825
60569,Aurora,1.0825
60572,Aurora,1.0825
60585,Plainfield,1.0875
60586,Joliet,1.09
60598,Aurora,1.0825
60599,Aurora,1.0825
60601,Chicago Metro Pier And Exposition Authority District,1.1025
60602,Chicago Metro Pier And Exposition Authority District,1.1025
60603,Chicago Metro Pier And Exposition Authority District,1.1025
60604,Chicago Metro Pier And Exposition Authority District,1.1025
60605,Chicago Metro Pier And Exposition Authority District,1.1025
60606,Chicago Metro Pier And Exposition Authority District,1.1025
60607,Chicago Metro Pier And Exposition Authority District,1.1025
60608,Chicago Metro Pier And Exposition Authority District,1.1025
60609,Chicago,1.1025
60610,Chicago Metro Pier And Exposition Authority District,1.1025
60611,Chicago Metro Pier And Exposition Authority District,1.1025
60612,Chicago Metro Pier And Exposition Authority District,1.1025
60613,Chicago Metro Pier And Exposition Authority District,1.1025
60614,Chicago Metro Pier And Exposition Authority District,1.1025
60615,Chicago,1.1025
60616,Chicago Metro Pier And Exposition Authority District,1.1025
60617,Chicago,1.1025
60618,Chicago,1.1025
60619,Chicago,1.1025
60620,Chicago,1.1025
60621,Chicago,1.1025
60622,Chicago Metro Pier And Exposition Authority District,1.1025
60623,Chicago,1.1025
60624,Chicago,1.1025
60625,Chicago,1.1025
60626,Chicago,1.1025
60628,Chicago,1.1025
60629,Chicago,1.1025
60630,Chicago,1.1025
60631,Chicago,1.1025
60632,Chicago,1.1025
60633,Chicago,1.1025
60634,River Grove,1.11
60636,Chicago,1.1025
60637,Chicago,1.1025
60638,Chicago Metro Pier And Exposition Authority District,1.1025
60639,Chicago,1.1025
60640,Chicago,1.1025
60641,Chicago,1.1025
60642,Chicago Metro Pier And Exposition Authority District,1.1025
60643,Chicago,1.1025
60644,Cicero,1.1075
60645,Chicago,1.1025
60646,Chicago,1.1025
60647,Chicago,1.1025
60649,Chicago,1.1025
60651,Chicago,1.1025
60652,Chicago,1.1025
60653,Chicago,1.1025
60654,Chicago Metro Pier And Exposition Authority District,1.1025
60655,Chicago,1.1025
60656,Norridge,1.105
60657,Chicago Metro Pier And Exposition Authority District,1.1025
60659,Chicago,1.1025
60660,Chicago,1.1025
60661,Chicago Metro Pier And Exposition Authority District,1.1025
60664,Chicago Metro Pier And Exposition Authority District,1.1025
60666,Chicago Metro Pier And Exposition Authority District,1.1025
60668,Chicago Metro Pier And Exposition Authority District,1.1025
60669,Chicago Metro Pier And Exposition Authority District,1.1025
60670,Chicago Metro Pier And Exposition Authority District,1.1025
60673,Chicago Metro Pier And Exposition Authority District,1.1025
60674,Chicago Metro Pier And Exposition Authority District,1.1025
60675,Chicago Metro Pier And Exposition Authority District,1.1025
60677,Chicago Metro Pier And Exposition Authority District,1.1025
60678,Chicago Metro Pier And Exposition Authority District,1.1025
60680,Chicago Metro Pier And Exposition Authority District,1.1025
60681,Chicago Metro Pier And Exposition Authority District,1.1025
60682,Chicago Metro Pier And Exposition Authority District,1.1025
60684,Chicago Metro Pier And Exposition Authority District,1.1025
60685,Chicago Metro Pier And Exposition Authority District,1.1025
60686,Chicago Metro Pier And Exposition Authority District,1.1025
60687,Chicago Metro Pier And Exposition Authority District,1.1025
60688,Chicago Metro Pier And Exposition Authority District,1.1025
60689,Chicago Metro Pier And Exposition Authority District,1.1025
60690,Chicago Metro Pier And Exposition Authority District,1.1025
60691,Chicago Metro Pier And Exposition Authority District,1.1025
60693,Chicago Metro Pier And Exposition Authority District,1.1025
60694,Chicago Metro Pier And Exposition Authority District,1.1025
60695,Chicago Metro Pier And Exposition Authority District,1.1025
60696,Chicago Metro Pier And Exposition Authority District,1.1025
60697,Chicago Metro Pier And Exposition Authority District,1.1025
60699,Chicago Metro Pier And Exposition Authority District,1.1025
60701,Chicago,1.1025
60706,Norridge,1.115
60707,Elmwood Park Harlem Ave North Ave Business District Sp,1.11
60712,Lincolnwood,1.1025
60714,Chicago,1.1025
60803,Chicago,1.1025
60804,Berwyn,1.1075
60805,Evergreen Park Place Business District Sp,1.11
60827,Chicago,1.1025
60901,Kankakee,1.0825
60910,Kankakee,1.0625
60911,Iroquois,1.065
60912,Iroquois,1.065
60913,Regional Transport. Authority (Rta),1.07
60914,Bradley State Route 50/Larry Power Road Business District Sp,1.0825
60915,Bradley,1.0825
60917,Livingston,1.0725
60918,Iroquois,1.065
60919,Livingston,1.0725
60920,Livingston,1.0725
60921,Chatsworth,1.0825
60922,Kankakee,1.0825
60924,Iroquois,1.065
60926,Iroquois,1.065
60927,Iroquois,1.065
60928,Iroquois,1.065
60929,Livingston,1.0725
60930,Iroquois,1.065
60931,Iroquois,1.065
60932,Vermilion,1.065
60933,Ford,1.0625
60934,Livingston,1.0725
60935,Regional Transport. Authority (Rta),1.07
60936,Champaign,1.075
60938,Iroquois,1.065
60939,Iroquois,1.065
60940,Regional Transport. Authority (Rta),1.07
60941,Herscher,1.0725
60942,Iroquois,1.065
60944,Hopkins Park,1.0825
60945,Iroquois,1.065
60946,Livingston,1.0725
60948,Iroquois,1.065
60949,Champaign,1.075
60950,Bourbonais Bd Sp,1.0725
60951,Iroquois,1.065
60952,Livingston,1.0725
60953,Iroquois,1.065
60954,Kankakee,1.0625
60955,Iroquois,1.065
60956,Papineau,1.065
60957,Champaign,1.075
60958,Hopkins Park,1.0825
60959,Livingston,1.0725
60960,Champaign,1.075
60961,Livingston,1.0725
60962,Livingston,1.0725
60963,Vermilion,1.065
60964,Iroquois,1.065
60966,Iroquois,1.065
60967,Iroquois,1.065
60968,Livingston,1.0725
60969,Kankakee,1.0625
60970,Watseka,1.0725
60973,Iroquois,1.065
60974,Iroquois,1.065
61001,Jo Daviess,1.0725
61006,Lee,1.0775
61007,Stephenson,1.0675
61008,Cherry Valley,1.0875
61010,Byron,1.0725
61011,Loves Park,1.0875
61012,Boone,1.0775
61013,Cedarville,1.0675
61014,Whiteside,1.0725
61015,Ogle,1.0625
61016,Cherry Valley,1.0875
61018,Dakota,1.0775
61019,Winnebago,1.0775
61020,Rockford,1.0875
61021,Dixon,1.0825
61024,Durand,1.0875
61025,East Dubuque,1.0775
61027,Stephenson,1.0675
61028,Elizabeth Route 20 Business District Sp,1.0775
61030,Forreston Routes 26 72 Forreston Downtown Bd Sp,1.0725
61031,Lee,1.0775
61032,Freeport,1.08
61036,Galena,1.0825
61037,Whiteside,1.0725
61038,Boone,1.0775
61039,Stephenson,1.0675
61041,Jo Daviess,1.0725
61042,Lee,1.0775
61043,Ogle,1.0625
61044,Jo Daviess,1.0725
61046,Carroll,1.065
61047,Winnebago,1.0775
61048,Jo Daviess,1.0725
61049,Ogle,1.0625
61050,Stephenson,1.0675
61051,Milledgeville,1.075
61052,Winnebago,1.0775
61053,Mount Carroll Dntn Bd  Sp,1.075
61054,Ogle,1.0625
61057,Lee,1.0775
61059,Nora,1.0725
61060,Stephenson,1.0675
61061,Oregon,1.0725
61062,Jo Daviess,1.0725
61063,Pecatonica,1.0875
61064,Lee,1.0775
61065,Boone,1.0775
61067,Stephenson,1.0675
61068,Lee,1.0775
61070,Stephenson,1.0675
61071,Rock Falls,1.0825
61072,Rockton Blackhawk Boulevard And Main Street Business District Sp,1.0875
61073,Machesney Park,1.0875
61074,Jo Daviess,1.0725
61075,Jo Daviess,1.0725
61077,Winnebago,1.0775
61078,Stephenson,1.0675
61079,Winnebago,1.0775
61080,Rockton,1.0875
61081,Sterling,1.0925
61084,Winnebago,1.0775
61085,Stockton,1.0825
61087,Warren Downtown Business Development District Sp,1.0775
61088,Winnebago,1.0875
61089,Jo Daviess,1.0725
61091,Ogle,1.0625
61101,Rockford,1.0875
61102,Rockford,1.0875
61103,Machesney Park,1.0875
61104,Rockford,1.0875
61105,Rockford,1.0875
61106,Rockford,1.0875
61107,Rockford,1.0875
61108,Cherry Valley,1.0875
61109,Rockford,1.0875
61110,Rockford,1.0875
61111,Loves Park,1.0975
61112,Cherry Valley,1.0875
61114,Loves Park,1.0875
61115,Loves Park,1.0975
61125,Rockford,1.0875
61126,Rockford,1.0875
61130,Loves Park,1.0875
61131,Loves Park,1.0875
61132,Loves Park,1.0875
61201,Moline,1.085
61204,Rock Island,1.085
61230,Whiteside,1.0725
61231,Mercer,1.0725
61232,Rock Island,1.0725
61233,Andover,1.0775
61234,Henry,1.0775
61235,Henry,1.0775
61236,Rock Island,1.0725
61237,Rock Island,1.0725
61238,Henry,1.0775
61239,Carbon Cliff,1.0825
61240,Moline,1.085
61241,Colona,1.0825
61242,Rock Island,1.0725
61243,Lee,1.0775
61244,East Moline Bend Bd Sp,1.0875
61250,Erie,1.0825
61251,Whiteside,1.0725
61252,Fulton,1.08
61254,Geneseo,1.0825
61256,East Moline,1.0775
61257,East Moline,1.0775
61258,Hooppole,1.0775
61259,Mercer,1.0725
61260,Mercer,1.0725
61261,Whiteside,1.0725
61262,Henry,1.0775
61263,Mercer,1.0725
61264,Moline,1.085
61265,Moline,1.095
61266,Moline,1.085
61270,Morrison,1.0825
61272,Mercer,1.0725
61273,Henry,1.0775
61274,Henry,1.0775
61275,Rapids City,1.0825
61276,Mercer,1.0725
61277,Henry,1.0775
61278,Rapids City,1.0825
61279,Mercer,1.0725
61281,Mercer,1.0725
61282,Carbon Cliff,1.0825
61283,Henry,1.0775
61284,Rock Island,1.085
61285,Carroll,1.065
61299,Rock Island,1.085
61301,La Salle,1.075
61310,Lee,1.0775
61311,Livingston,1.0725
61312,Bureau,1.0725
61313,Livingston,1.0725
61314,Bureau,1.0725
61315,Bureau Junction,1.0725
61316,Cedar Point,1.065
61317,Bureau,1.0725
61318,Lee,1.0775
61319,Livingston,1.0725
61320,Peru,1.075
61321,Woodford,1.0825
61322,Depue,1.0725
61323,Dover,1.0725
61324,Lee,1.0775
61325,La Salle,1.065
61326,Granville Bd,1.0725
61327,Putnam,1.0625
61328,Bureau,1.0725
61329,Bureau,1.0725
61330,Lee,1.0775
61331,Lee,1.0775
61332,Leonore,1.065
61333,Livingston,1.0725
61334,La Salle,1.065
61335,Putnam,1.0625
61336,La Salle,1.065
61337,Bureau,1.0725
61338,Bureau,1.0725
61340,Mark,1.0625
61341,Ottawa,1.07
61342,Lee,1.0775
61344,Henry,1.0775
61345,Stark,1.075
61346,Bureau,1.0725
61348,Oglesby,1.07
61349,Lee,1.0775
61350,Ottawa,1.07
61353,Lee,1.0775
61354,Spring Valley,1.0775
61356,Princeton,1.08
61358,La Salle,1.065
61359,Bureau,1.0725
61360,La Salle,1.065
61361,Henry,1.0775
61362,Spring Valley,1.0775
61363,Standard,1.0625
61364,Streator,1.085
61367,Lee,1.0775
61368,Bureau,1.0725
61369,Marshall,1.0625
61370,La Salle,1.065
61371,La Salle,1.065
61372,Troy Grove,1.065
61373,La Salle,1.075
61374,Bureau,1.0725
61375,Marshall,1.0625
61376,Lee,1.0775
61377,Livingston,1.0725
61378,Lee,1.0775
61379,Bureau,1.0725
61401,Galesburg North Seminary Street Business District Sp,1.0975
61402,Galesburg,1.0875
61410,Knox,1.0775
61411,Mcdonough,1.08
61412,Knox,1.0775
61413,Henry,1.0775
61414,Henry,1.0775
61415,Mcdonough,1.08
61416,Bardolph,1.08
61417,Warren,1.0725
61418,Henderson,1.0725
61419,Henry,1.0775
61420,Mcdonough,1.08
61421,Stark,1.075
61422,Bushnell,1.085
61423,Warren,1.0725
61424,Marshall,1.0625
61425,Henderson,1.0725
61426,Stark,1.075
61427,Fulton,1.0775
61428,Knox,1.0775
61430,Galesburg,1.0875
61431,Fulton,1.0775
61432,Fulton,1.0775
61433,Fulton,1.0775
61434,Henry,1.0775
61435,Warren,1.0725
61436,Knox,1.0775
61437,Henderson,1.0725
61438,Mcdonough,1.08
61439,Knox,1.0775
61440,Schuyler,1.0825
61441,Fulton,1.0775
61442,Henderson,1.0725
61443,Kewanee,1.0825
61447,Henderson,1.0725
61448,Knox,1.0775
61449,Knox,1.0775
61450,Mcdonough,1.08
61451,Knox,1.0775
61452,Schuyler,1.0825
61453,Henderson,1.0725
61454,Henderson,1.0725
61455,Macomb,1.09
61458,Fulton,1.0775
61459,Mcdonough,1.08
61460,Henderson,1.0725
61462,Monmouth,1.1025
61465,Henry,1.0775
61466,Mercer,1.0725
61467,Knox,1.0775
61468,Henry,1.0775
61469,Henderson,1.0725
61470,Mcdonough,1.08
61471,Henderson,1.0725
61472,Knox,1.0775
61473,Mcdonough,1.08
61474,Fulton,1.0775
61475,Mcdonough,1.08
61476,Mercer,1.0725
61477,Fulton,1.0775
61478,Henderson,1.0725
61479,Stark,1.075
61480,Henderson,1.0725
61482,Mcdonough,1.08
61483,Henry,1.0775
61484,Schuyler,1.0825
61485,Knox,1.0775
61486,Mercer,1.0725
61488,Knox,1.0775
61489,Knox,1.0775
61490,Henry,1.0775
61491,Stark,1.075
61501,Schuyler,1.0825
61516,Woodford,1.0825
61517,Peoria,1.0725
61519,Fulton,1.0775
61520,Canton,1.0975
61523,Peoria,1.09
61524,Dunfermline,1.0775
61525,Peoria,1.09
61526,Peoria,1.0725
61528,Peoria,1.09
61529,Knox,1.0775
61530,Woodford,1.0825
61531,Fulton,1.0775
61532,Mason,1.0725
61533,Fulton,1.0775
61534,Tazewell,1.0675
61535,Tazewell,1.0675
61536,Hanna City,1.0825
61537,Bureau,1.0725
61539,Kingston Mines,1.0725
61540,Marshall,1.0625
61541,La Rose,1.0625
61542,Fulton,1.0775
61543,Liverpool,1.0775
61544,Fulton,1.0775
61545,Woodford,1.0825
61546,Mason,1.0725
61547,Bartonville,1.085
61548,Germantown Crossing Bd Sp,1.0925
61550,East Peoria,1.085
61552,Peoria,1.0725
61553,Fulton,1.0775
61554,Pekin,1.095
61555,Pekin,1.095
61558,Pekin,1.095
61559,Stark,1.075
61560,Bureau,1.0725
61561,Woodford,1.0825
61562,Peoria,1.0725
61563,Fulton,1.0775
61564,South Pekin,1.07
61565,Peoria,1.0725
61567,Mason,1.0725
61568,Tazewell,1.0675
61569,Fulton,1.0775
61570,Woodford,1.0825
61571,Washington,1.09
61572,Knox,1.0775
61601,Peoria,1.09
61602,Peoria Hosp Imp Zon Bd Sp,1.1
61603,Peoria Hosp Imp Zon Bd Sp,1.1
61604,Peoria,1.09
61605,Peoria Hosp Imp Zon Bd Sp,1.1
61606,Peoria,1.09
61607,Peoria,1.09
61610,East Peoria,1.085
61611,East Peoria Target Area Business District Sp,1.095
61612,Peoria,1.09
61613,Peoria,1.09
61614,Peoria,1.1
61615,Peoria,1.09
61616,Peoria Heights Bdd No 1 Sp,1.0975
61625,Peoria,1.09
61629,Peoria,1.09
61630,Peoria,1.09
61633,Peoria,1.09
61634,Peoria,1.09
61635,East Peoria,1.085
61636,Peoria,1.09
61637,Peoria,1.09
61638,Peoria,1.09
61639,Peoria,1.09
61641,Bartonville,1.085
61643,Peoria,1.09
61650,Peoria,1.09
61651,Peoria,1.09
61652,Peoria,1.09
61653,Peoria,1.09
61654,Peoria,1.09
61655,Peoria,1.09
61656,Peoria,1.09
61701,Bloomington,1.0875
61702,Bloomington,1.0875
61704,Bloomington,1.0875
61705,Bloomington,1.0875
61709,Bloomington,1.0875
61710,Bloomington,1.0875
61720,Ford,1.0625
61721,Logan,1.0825
61722,Mclean,1.0625
61723,Atlanta,1.0925
61724,Mclean,1.0625
61725,Woodford,1.0825
61726,Chenoa,1.0775
61727,Clinton,1.0675
61728,Livingston,1.0725
61729,Woodford,1.0825
61730,Mclean,1.0625
61731,Livingston,1.0725
61732,Woodford,1.0825
61733,Woodford,1.0825
61734,Tazewell,1.0675
61735,De Witt,1.0625
61736,Downs,1.0725
61737,Mclean,1.0625
61738,Woodford,1.0825
61739,Livingston,1.0725
61740,Woodford,1.0825
61741,Livingston,1.0725
61742,Woodford,1.0825
61743,Livingston,1.0725
61744,Woodford,1.0825
61745,Heyworth Bdd No 1 Sp,1.0725
61747,Tazewell,1.0675
61748,Woodford,1.0825
61749,Logan,1.0825
61750,De Witt,1.0625
61751,Logan,1.0825
61752,Leroy,1.0775
61753,Lexington,1.0675
61754,Logan,1.0825
61755,Mackinaw First St. Industrial Park,1.0775
61756,Maroa Bd Sp,1.0875
61758,Mclean,1.0625
61759,Tazewell,1.0675
61760,Woodford,1.0825
61761,Bloomington,1.0875
61764,Livingston,1.0725
61769,Livingston,1.0725
61770,Mclean,1.0625
61771,Woodford,1.0825
61772,Mclean,1.0625
61773,Ford,1.0625
61774,Stanford Business Dist Sp,1.0725
61775,Livingston,1.0725
61776,Normal,1.0875
61777,De Witt,1.0625
61778,De Witt,1.0625
61790,Normal,1.0875
61791,Bloomington,1.0875
61799,Bloomington,1.0875
61801,Champaign,1.09
61802,Urbana,1.09
61803,Urbana,1.09
61810,Edgar,1.0825
61811,Vermilion,1.065
61812,Vermilion,1.065
61813,Piatt,1.0725
61814,Vermilion,1.065
61815,Bondville,1.075
61816,Champaign,1.075
61817,Vermilion,1.065
61818,Cerro Gordo Business District Sp,1.0825
61820,Champaign,1.09
61821,Champaign,1.09
61822,Champaign,1.09
61824,Champaign,1.09
61825,Champaign,1.09
61826,Champaign,1.09
61830,Macon,1.0775
61831,Vermilion,1.065
61832,Danville,1.0925
61833,Tilton,1.09
61834,Danville,1.0925
61839,De Land,1.0825
61840,Champaign,1.075
61841,Vermilion,1.065
61842,Farmer City Business District,1.0725
61843,Champaign,1.075
61844,Vermilion,1.065
61845,Champaign,1.075
61846,Georgetown Bd Sp,1.075
61847,Champaign,1.075
61848,Henning,1.065
61849,Homer,1.085
61850,Edgar,1.0825
61851,Champaign,1.075
61852,Champaign,1.075
61853,Champaign,1.075
61854,Champaign,1.075
61855,Piatt,1.0725
61856,Monticello,1.0825
61857,Vermilion,1.065
61858,Oakwood,1.075
61859,Ogden,1.085
61862,Champaign,1.075
61863,Champaign,1.075
61864,Champaign,1.075
61865,Vermilion,1.065
61866,Rantoul,1.09
61870,Edgar,1.0825
61871,Champaign,1.075
61872,Champaign,1.075
61873,Saint Joseph,1.08
61874,Champaign,1.09
61875,Champaign,1.075
61876,Edgar,1.0825
61877,Champaign,1.075
61878,Champaign,1.075
61880,Savoy,1.09
61882,Piatt,1.0725
61883,Tilton,1.09
61884,Champaign,1.075
61910,Arcola,1.0875
61911,Coles,1.0725
61912,Coles,1.0725
61913,Atwood Business District Sp,1.0825
61914,Macon,1.0775
61917,Edgar,1.0825
61919,Douglas,1.0725
61920,Charleston,1.0775
61924,Edgar,1.0825
61925,Macon,1.0775
61928,Coles,1.0725
61929,Piatt,1.0725
61930,Coles,1.0725
61931,Coles,1.0725
61932,Edgar,1.0825
61933,Edgar,1.0825
61936,Piatt,1.0725
61937,Macon,1.0775
61938,Mattoon,1.0875
61940,Edgar,1.0825
61941,Douglas,1.0725
61942,Edgar,1.0825
61943,Edgar,1.0825
61944,Paris,1.0875
61949,Edgar,1.0825
61951,Coles,1.0725
61953,Tuscola,1.0775
61955,Vermilion,1.0825
61956,Villa Grove,1.0825
61957,Shelby,1.0725
62001,Madison,1.066
62002,Alton,1.0885
62006,Calhoun,1.08
62009,Macoupin,1.0725
62010,Bethalto Prairie Street Downtown Bd Sp,1.0785
62011,Fayette,1.0725
62012,Brighton Central Bd Sp,1.09
62013,Calhoun,1.08
62014,Macoupin,1.0725
62015,Litchfield,1.0825
62016,Greene,1.0725
62017,Bond,1.0725
62018,Bethalto Route 140 Corridor Bd Sp,1.0785
62019,Bond,1.0725
62021,Macoupin,1.0725
62022,Elsah,1.09
62023,Eagarville,1.0725
62024,Bethalto Route 140 Corridor Bd Sp,1.0785
62025,Edwardsville Montclaire Bd Sp,1.0835
62026,Edwardsville,1.0735
62027,Greene,1.0725
62028,Elsah,1.09
62030,Fidelity,1.08
62031,Jersey,1.08
62032,Fayette,1.0725
62033,Macoupin,1.0725
62034,Glen Carbon Illinois Route 157 Business District Sp,1.081
62035,Alton,1.0885
62036,Calhoun,1.08
62037,Grafton,1.105
62040,Granite City Bellemore Village Business District Sp,1.0935
62044,Greene,1.0725
62045,Calhoun,1.08
62046,Hamel,1.076
62047,Calhoun,1.08
62048,Hartford Business District Sp,1.0785
62049,Hillsboro Bd Sp,1.0825
62050,Wilmington,1.0725
62051,Montgomery,1.0725
62052,Jerseyville,1.085
62053,Calhoun,1.08
62054,Jersey,1.08
62056,Litchfield,1.0825
62058,Madison,1.066
62059,Brooklyn,1.0735
62060,Granite City,1.0835
62061,Madison,1.066
62062,Glen Carbon,1.071
62063,Jersey,1.08
62065,Calhoun,1.08
62067,Metro-East Mass Transit District,1.0685
62069,Macoupin,1.0725
62070,Calhoun,1.08
62071,East Saint Louis,1.0885
62074,Bond,1.0725
62075,Nokomis Bd Sp,1.0825
62076,Ohlman,1.0725
62077,Bond,1.0725
62078,Wilmington,1.0725
62079,Jersey,1.08
62080,Ramsey Bd Sp,1.0825
62081,Jersey,1.08
62082,Greene,1.0725
62083,Christian,1.0725
62084,South Roxana Business District,1.0785
62085,Benld,1.0725
62086,Bond,1.0725
62087,South Roxana Business District,1.0785
62088,Macoupin,1.0725
62089,Taylor Springs,1.0725
62090,Venice Business Dist Sp,1.0785
62091,Montgomery,1.0725
62092,Greene,1.0725
62093,Wilsonville,1.0725
62094,Montgomery,1.0725
62095,Wood River Riverbend Bd 1 Sp,1.0885
62097,Macoupin,1.0725
62098,Greene,1.0725
62201,East Saint Louis State Street Business District Sp,1.0985
62202,East Saint Louis,1.0885
62203,East Saint Louis,1.0885
62204,East Saint Louis,1.0885
62205,East Saint Louis State Street Business District Sp,1.0985
62206,Metro-East Mass Transit District,1.0935
62207,Metro-East Mass Transit District,1.0935
62208,Fairview Hghts/St. Clair Sq. Bus,1.0885
62214,Washington,1.0625
62215,Clinton,1.0625
62216,Clinton,1.0625
62217,Randolph,1.0725
62218,Clinton,1.0625
62219,Clinton,1.0625
62220,Belleville Rt 51 Green Sp,1.091
62221,Belleville/Carlyle/Green Mt Bus,1.091
62222,Metro-East Mass Transit District,1.081
62223,Belleville Shopland Plaza Bd Sp,1.091
62225,O Fallon,1.0835
62226,Belleville/Frank Scott Pky Bus,1.091
62230,Breese,1.0725
62231,Bond,1.0725
62232,Collinsville,1.086
62233,Randolph,1.0725
62234,Collinsville Southwest Corridor Bd Sp,1.096
62236,Columbia Main Street Abbey Bd Sp,1.085
62237,Perry,1.0775
62238,Perry,1.0775
62239,Dupo Bd Sp,1.0835
62240,Monroe,1.075
62241,Randolph,1.0725
62242,Randolph,1.0725
62243,Freeburg,1.0735
62244,Monroe,1.075
62245,Clinton,1.0625
62246,Greenville,1.0775
62248,Monroe,1.075
62249,Highland Bd A Sp,1.0835
62250,Hoffman,1.0625
62252,Clinton,1.0625
62253,Keyesport,1.0775
62254,O Fallon,1.0835
62255,Saint Clair Co Flood Prevention Sl,1.066
62256,Maeystown,1.075
62257,Randolph,1.0725
62258,Mascoutah Inside Mascoutah Business District Sp,1.086
62259,Randolph,1.0725
62260,Millstadt Mkt Place Bd Sp,1.076
62261,Randolph,1.0725
62262,Bond,1.0725
62263,Perry,1.0775
62264,Monroe,1.075
62265,New Baden Business District 11 Sp,1.0885
62266,Clinton,1.0625
62268,Perry,1.0775
62269,O Fallon,1.0935
62271,Washington,1.0625
62272,Perry,1.0775
62273,Bond,1.0725
62274,Pinckneyville Bus Dist,1.0875
62275,Bond,1.0725
62277,Monroe,1.075
62278,Monroe,1.075
62279,Monroe,1.075
62280,Jackson,1.0725
62281,Metro-East Mass Transit District,1.0685
62282,Saint Libory,1.066
62284,Bond,1.0725
62285,Metro-East Mass Transit District,1.0735
62286,Sparta,1.0825
62288,Randolph,1.0725
62289,Metro-East Mass Transit District,1.0735
62292,Tilden,1.0725
62293,Trenton,1.075
62294,Troy,1.0785
62295,Monroe,1.075
62297,Randolph,1.0725
62298,Waterloo,1.085
62301,Quincy,1.09
62305,Quincy,1.09
62306,Quincy,1.08
62311,Schuyler,1.0825
62312,Pike,1.0775
62313,Hancock,1.0625
62314,Pike,1.0775
62316,Hancock,1.0625
62319,Schuyler,1.0825
62320,Adams,1.065
62321,Carthage,1.0675
62323,Pike,1.0775
62324,Brown,1.075
62325,Adams,1.065
62326,Mcdonough,1.08
62329,Hancock,1.0625
62330,Henderson,1.0725
62334,Hancock,1.0625
62336,Ferris,1.0625
62338,Adams,1.065
62339,Adams,1.065
62340,Pike,1.0775
62341,Hancock,1.0625
62343,Pike,1.0775
62344,Schuyler,1.0825
62345,Pike,1.0775
62346,Schuyler,1.0825
62347,Adams,1.065
62348,Adams,1.065
62349,Adams,1.065
62351,Adams,1.065
62352,Milton,1.0775
62353,Schuyler,1.0825
62354,Nauvoo,1.07
62355,Calhoun,1.08
62356,Pike,1.0775
62357,Pike,1.0775
62358,Hancock,1.0625
62359,Adams,1.065
62360,Adams,1.065
62361,Calhoun,1.08
62362,Pike,1.0775
62363,Pike,1.0775
62365,Adams,1.065
62366,Pike,1.0775
62367,Schuyler,1.0825
62370,Pike,1.0775
62373,Adams,1.065
62374,Mcdonough,1.08
62375,Brown,1.075
62376,Adams,1.065
62378,Pike,1.0775
62379,Adams,1.065
62380,Hancock,1.0625
62401,Effingham,1.075
62410,Lawrence,1.0725
62411,Altamont Business District Sp,1.075
62413,Clark,1.0725
62414,Fayette,1.0725
62417,Lawrence,1.0725
62418,Fayette,1.0725
62419,Richland,1.0775
62420,Clark,1.0725
62421,Richland,1.0775
62422,Fayette,1.0725
62423,Edgar,1.0825
62424,Jasper,1.0725
62425,Richland,1.0775
62426,Fayette,1.0725
62427,Lawrence,1.0725
62428,Greenup,1.0775
62431,Fayette,1.0725
62432,Cumberland,1.0725
62433,Crawford,1.0625
62434,Jasper,1.0725
62436,Cumberland,1.0725
62438,Shelby,1.0725
62439,Lawrence,1.0725
62440,Coles,1.0725
62441,Edgar,1.0825
62442,Clark,1.0725
62443,Clay,1.0675
62444,Shelby,1.0725
62445,Cumberland,1.0725
62446,Wayne,1.07
62447,Coles,1.0725
62448,Richland,1.0775
62449,Clark,1.0725
62450,Olney,1.0875
62451,Crawford,1.0625
62452,Richland,1.0775
62454,Crawford,1.0625
62458,Fayette,1.0725
62459,Sainte Marie,1.0725
62460,Lawrence,1.0725
62461,Shelby,1.0725
62462,Cumberland,1.0725
62463,Shelby,1.0725
62464,Stoy,1.0625
62465,Shelby,1.0725
62466,Richland,1.0775
62467,Cumberland,1.0725
62468,Toledo,1.0775
62469,Coles,1.0725
62471,Vandalia,1.0775
62473,Effingham,1.065
62474,Clark,1.0725
62475,Jasper,1.0725
62476,Richland,1.0775
62477,Clark,1.0725
62478,Clark,1.0725
62479,Jasper,1.0725
62480,Jasper,1.0725
62481,Clark,1.0725
62501,Decatur,1.0925
62510,Assumption,1.0825
62512,Logan,1.0825
62513,Macon,1.0775
62514,Macon,1.0775
62515,Sangamon,1.0725
62517,Bulpitt,1.0725
62518,Logan,1.0825
62519,Logan,1.0825
62520,Sangamon,1.0725
62521,Decatur,1.0925
62522,Decatur,1.0925
62523,Decatur,1.0925
62524,Decatur,1.0925
62525,Decatur,1.0925
62526,Decatur,1.0925
62530,Divernon,1.0825
62531,Christian,1.0725
62532,Macon,1.0775
62533,Farmersville,1.0825
62534,Findlay,1.0825
62535,Decatur,1.0925
62536,Springfield,1.0975
62537,Harristown,1.0875
62538,Christian,1.0725
62539,Illiopolis Bd Sp,1.0825
62540,Christian,1.0725
62541,Logan,1.0825
62543,Logan,1.0825
62544,Macon Inside Macon Bd Sp,1.0875
62545,Christian,1.0725
62546,Christian,1.0725
62547,Macon,1.0775
62548,Mount Pulaski Inside Mountain Pulaski Bd Sp,1.0925
62549,Mount Zion,1.0875
62550,Moweaqua Business District Sp,1.0825
62551,Harristown,1.0875
62553,Montgomery,1.0725
62554,Macon,1.0775
62555,Taylorville,1.08
62556,Christian,1.0725
62557,Pana Inside Pana Downtown Bd Sp,1.0825
62558,Christian,1.0725
62560,Raymond Business District Sp,1.0825
62561,Sangamon,1.0725
62563,Springfield,1.0975
62565,Shelbyville West Main Street Bd Sp,1.0825
62567,Christian,1.0725
62568,Taylorville Bd 1,1.09
62570,Christian,1.0725
62571,Pana Inside Pana Downtown Bd Sp,1.0825
62572,Macoupin,1.0725
62573,Macon,1.0775
62601,Morgan,1.0725
62610,Alsey,1.0725
62611,Cass,1.0825
62612,Cass,1.0825
62613,Logan,1.0825
62615,Sangamon,1.0725
62617,Mason,1.0725
62618,Cass,1.0825
62621,Morgan,1.0725
62622,Cass,1.0825
62624,Schuyler,1.0825
62625,Menard,1.0825
62626,Carlinville,1.0825
62627,Cass,1.0825
62628,Morgan,1.0725
62629,Springfield,1.0975
62630,Macoupin,1.0725
62631,Morgan,1.0725
62633,Mason,1.0725
62634,Logan,1.0825
62635,Logan,1.0825
62638,Macoupin,1.0725
62639,Schuyler,1.0825
62640,Macoupin,1.0725
62642,Menard,1.0825
62643,Logan,1.0825
62644,Fulton,1.0775
62649,Macoupin,1.0725
62650,Jacksonville,1.08
62651,Jacksonville,1.08
62655,Mason,1.0725
62656,Lincoln,1.0875
62659,Menard,1.0825
62660,Morgan,1.0725
62661,Sangamon,1.0725
62662,Sangamon,1.0725
62663,Manchester,1.0725
62664,Logan,1.0825
62665,Cass,1.0825
62666,Logan,1.0825
62667,Macoupin,1.0725
62668,Greene,1.0725
62670,Springfield,1.0975
62671,Logan,1.0825
62672,Nilwood,1.0725
62673,Cass,1.0825
62674,Greene,1.0725
62675,Petersburg Bd Sp,1.0875
62677,Menard,1.0825
62681,Schuyler,1.0825
62682,Logan,1.0825
62683,Macoupin,1.0725
62684,Williamsville,1.0825
62685,Macoupin,1.0725
62688,Menard,1.0825
62689,Sangamon,1.0725
62690,Macoupin,1.0725
62691,Cass,1.0825
62692,Macoupin,1.0725
62693,Logan,1.0825
62694,Florence,1.0775
62695,Morgan,1.0725
62701,Springfield,1.0975
62702,Springfield,1.0975
62703,Springfield,1.0975
62704,Springfield South Central Business District,1.1075
62705,Springfield,1.0975
62706,Springfield,1.0975
62707,Springfield,1.0975
62708,Springfield,1.0975
62711,Springfield South Central Business District,1.1075
62712,Springfield,1.0975
62715,Springfield,1.0975
62716,Sangamon,1.0725
62719,Springfield,1.0975
62722,Springfield,1.0975
62723,Springfield,1.0975
62726,Springfield,1.0975
62736,Springfield,1.0975
62739,Springfield,1.0975
62756,Springfield,1.0975
62757,Springfield,1.0975
62761,Springfield,1.0975
62762,Springfield,1.0975
62763,Springfield,1.0975
62764,Springfield,1.0975
62765,Springfield,1.0975
62766,Springfield,1.0975
62767,Springfield,1.0975
62769,Springfield,1.0975
62776,Springfield,1.0975
62777,Springfield,1.0975
62781,Springfield,1.0975
62786,Springfield,1.0975
62791,Springfield,1.0975
62794,Springfield,1.0975
62796,Springfield,1.0975
62801,Salem,1.085
62803,Washington,1.0625
62806,Edwards,1.0725
62807,Marion,1.075
62808,Jefferson,1.0675
62809,Wayne,1.07
62810,Franklin,1.0825
62811,Wabash,1.0725
62812,Benton,1.095
62814,Wayne,1.07
62815,Edwards,1.0725
62816,Jefferson,1.0675
62817,Hamilton,1.0825
62818,Edwards,1.0725
62819,Franklin,1.0825
62820,White,1.0725
62821,Carmi,1.08
62822,Christopher,1.0925
62823,Wayne,1.07
62824,Clay City,1.0775
62825,North City,1.0825
62827,Carmi,1.08
62828,Hamilton,1.0825
62829,Hamilton,1.0825
62830,Dix,1.0775
62831,Perry,1.0775
62832,Du Quoin Business District Sp,1.0975
62833,Edwards,1.0725
62834,White,1.0725
62835,Hamilton,1.0825
62836,Franklin,1.0825
62837,Fairfield,1.08
62838,Marion,1.075
62839,Flora,1.0775
62840,West Frankfort,1.0925
62841,Freeman Spur,1.0825
62842,Wayne,1.07
62843,Wayne,1.07
62844,Edwards,1.0725
62846,Jefferson,1.0675
62848,Washington,1.0625
62849,Marion,1.075
62850,Wayne,1.07
62851,Marion,1.075
62852,Keensburg,1.0725
62853,Marion,1.075
62854,Marion,1.075
62856,Hanaford,1.0825
62858,Clay,1.0675
62859,Franklin,1.0825
62860,Franklin,1.0825
62861,Maunie,1.0725
62862,White,1.0725
62863,Wabash,1.0725
62864,Mount Vernon,1.095
62865,Christopher,1.0925
62866,Jefferson,1.0675
62867,Gallatin,1.0725
62868,Richland,1.0775
62869,Hamilton,1.0825
62870,Salem,1.085
62871,Gallatin,1.0725
62872,Jefferson,1.0675
62874,Orient,1.0825
62875,Marion,1.075
62876,Radom,1.0625
62877,Jefferson,1.0675
62878,Wayne,1.07
62879,Sailor Springs,1.0675
62880,Fayette,1.0725
62881,Salem Main I57 Bd Sp,1.095
62882,Sandoval,1.085
62883,Franklin,1.0825
62884,Sesser,1.095
62885,Marion,1.075
62886,Wayne,1.07
62887,Hamilton,1.0825
62888,Tamaroa,1.0825
62889,Marion,1.075
62890,Franklin,1.0825
62891,Christopher,1.0925
62892,Marion,1.075
62893,Marion,1.075
62894,Jefferson,1.0675
62895,Hamilton,1.0825
62896,West Frankfort,1.0925
62897,Benton,1.095
62898,Jefferson,1.0675
62899,Marion,1.075
62901,Carbondale,1.0975
62902,Carbondale,1.0975
62903,Carbondale,1.0975
62905,Union,1.085
62906,Union,1.085
62907,Perry,1.0775
62908,Johnson,1.0775
62909,Johnson,1.0775
62910,Massac,1.0625
62912,Union,1.085
62914,Cairo,1.0725
62915,Cambria,1.0725
62916,Perry,1.0775
62917,Saline,1.08
62918,Marion,1.095
62919,Hardin,1.0825
62920,Union,1.085
62921,Colp,1.0725
62922,Marion,1.1
62923,Union,1.085
62924,Hurst,1.0825
62926,Dongola,1.095
62927,Dowell,1.0725
62928,Pope,1.0625
62930,Hamilton,1.0825
62931,Hardin,1.0825
62932,Franklin,1.0825
62933,Herrin,1.0875
62934,Hardin,1.0825
62935,Hamilton,1.0825
62938,Hardin,1.0825
62939,Union,1.085
62940,Jackson,1.0725
62941,Massac,1.0625
62942,Jackson,1.0725
62943,Johnson,1.0775
62946,Harrisburg,1.0875
62947,Hardin,1.0825
62948,Herrin,1.0875
62949,Hurst,1.0825
62950,Jackson,1.0725
62951,Johnston City,1.0875
62952,Union,1.085
62953,Joppa,1.0625
62954,Gallatin,1.0725
62956,Johnson,1.0775
62957,Union,1.085
62958,Union,1.085
62959,Marion,1.095
62960,Metropolis Interstate North Business District,1.0725
62961,Mill Creek,1.085
62962,Alexander,1.0625
62963,Pulaski,1.0625
62964,Mounds,1.0725
62965,Saline,1.08
62966,Carbondale,1.0975
62967,Johnson,1.0775
62969,Alexander,1.0625
62970,Pulaski,1.0625
62972,Johnson,1.0775
62973,Pulaski,1.0625
62974,Pittsburg,1.0825
62975,Jackson,1.0725
62976,Pulaski,1.0625
62977,Saline,1.08
62979,Gallatin,1.0725
62982,Hardin,1.0825
62983,Franklin,1.0825
62984,Gallatin,1.0725
62985,Johnson,1.0775
62987,Saline,1.08
62988,Union,1.085
62990,Alexander,1.0625
62992,Pulaski,1.0625
62993,Alexander,1.0625
62994,Jackson,1.0725
62995,Johnson,1.0775
62996,Pulaski,1.0625
62997,Willisville,1.0775
62998,Union,1.085
62999,Franklin,1.0825
63673,Randolph,1.0725
