19973,Dorchester,1.06
20588,Prince George's,1.06
20601,Charles,1.06
20602,Charles,1.06
20603,Charles,1.06
20604,Charles,1.06
20606,St. Mary's,1.06
20607,Charles,1.06
20608,Prince George's,1.06
20609,St. Mary's,1.06
20610,Calvert,1.06
20611,Charles,1.06
20612,Charles,1.06
20613,Charles,1.06
20615,Calvert,1.06
20616,Charles,1.06
20617,Charles,1.06
20618,St. Mary's,1.06
20619,St. Mary's,1.06
20620,St. Mary's,1.06
20621,St. Mary's,1.06
20622,Charles,1.06
20623,Prince George's,1.06
20624,St. Mary's,1.06
20625,Charles,1.06
20626,St. Mary's,1.06
20627,St. Mary's,1.06
20628,St. Mary's,1.06
20629,Calvert,1.06
20630,St. Mary's,1.06
20632,Charles,1.06
20634,St. Mary's,1.06
20636,St. Mary's,1.06
20637,Charles,1.06
20639,Calvert,1.06
20640,Charles,1.06
20643,Charles,1.06
20645,Charles,1.06
20646,Charles,1.06
20650,St. Mary's,1.06
20653,St. Mary's,1.06
20656,St. Mary's,1.06
20657,Calvert,1.06
20658,Charles,1.06
20659,Charles,1.06
20660,St. Mary's,1.06
20661,Charles,1.06
20662,Charles,1.06
20664,Charles,1.06
20667,St. Mary's,1.06
20670,St. Mary's,1.06
20674,St. Mary's,1.06
20675,Charles,1.06
20676,Calvert,1.06
20677,Charles,1.06
20678,Calvert,1.06
20680,St. Mary's,1.06
20682,Charles,1.06
20684,St. Mary's,1.06
20685,Calvert,1.06
20686,St. Mary's,1.06
20687,St. Mary's,1.06
20688,Calvert,1.06
20689,Calvert,1.06
20690,St. Mary's,1.06
20692,St. Mary's,1.06
20693,Charles,1.06
20695,Charles,1.06
20697,Prince George's,1.06
20701,Howard,1.06
20703,Prince George's,1.06
20704,Prince George's,1.06
20705,Prince George's,1.06
20706,Prince George's,1.06
20707,Howard,1.06
20708,Prince George's,1.06
20709,Prince George's,1.06
20710,Prince George's,1.06
20711,Anne Arundel,1.06
20712,Prince George's,1.06
20714,Calvert,1.06
20715,Prince George's,1.06
20716,Prince George's,1.06
20717,Bowie,1.06
20718,Bowie,1.06
20719,Bowie,1.06
20720,Prince George's,1.06
20721,Prince George's,1.06
20722,Prince George's,1.06
20723,Howard,1.06
20724,Howard,1.06
20725,Laurel,1.06
20726,Prince George's,1.06
20731,Capitol Heights,1.06
20732,Calvert,1.06
20733,Anne Arundel,1.06
20735,Prince George's,1.06
20736,Calvert,1.06
20737,Prince George's,1.06
20738,Riverdale Park,1.06
20740,Prince George's,1.06
20741,College Park,1.06
20742,College Park,1.06
20743,Prince George's,1.06
20744,Prince George's,1.06
20745,Prince George's,1.06
20746,Prince George's,1.06
20747,Prince George's,1.06
20748,Prince George's,1.06
20749,Prince George's,1.06
20750,Prince George's,1.06
20751,Anne Arundel,1.06
20752,Prince George's,1.06
20753,Prince George's,1.06
20754,Calvert,1.06
20755,Anne Arundel,1.06
20757,Prince George's,1.06
20758,Calvert,1.06
20759,Howard,1.06
20762,Prince George's,1.06
20763,Howard,1.06
20764,Anne Arundel,1.06
20765,Anne Arundel,1.06
20768,Greenbelt,1.06
20769,Prince George's,1.06
20770,Prince George's,1.06
20771,Prince George's,1.06
20772,Prince George's,1.06
20773,Upper Marlboro,1.06
20774,Prince George's,1.06
20775,Prince George's,1.06
20776,Anne Arundel,1.06
20777,Howard,1.06
20778,Anne Arundel,1.06
20779,Anne Arundel,1.06
20781,Prince George's,1.06
20782,Prince George's,1.06
20783,Prince George's,1.06
20784,Prince George's,1.06
20785,Prince George's,1.06
20787,Hyattsville,1.06
20788,Hyattsville,1.06
20790,Prince George's,1.06
20791,Prince George's,1.06
20792,Prince George's,1.06
20794,Howard,1.06
20797,Capitol Heights,1.06
20799,Prince George's,1.06
20810,Montgomery,1.06
20811,Montgomery,1.06
20812,Montgomery,1.06
20813,Montgomery,1.06
20814,Montgomery,1.06
20815,Montgomery,1.06
20816,Montgomery,1.06
20817,Montgomery,1.06
20818,Montgomery,1.06
20824,Montgomery,1.06
20825,Chevy Chase Village,1.06
20827,Montgomery,1.06
20830,Montgomery,1.06
20832,Montgomery,1.06
20833,Howard,1.06
20837,Montgomery,1.06
20838,Montgomery,1.06
20839,Montgomery,1.06
20841,Montgomery,1.06
20842,Frederick,1.06
20847,Rockville,1.06
20848,Rockville,1.06
20849,Rockville,1.06
20850,Montgomery,1.06
20851,Montgomery,1.06
20852,Montgomery,1.06
20853,Montgomery,1.06
20854,Montgomery,1.06
20855,Montgomery,1.06
20857,Montgomery,1.06
20859,Montgomery,1.06
20860,Montgomery,1.06
20861,Montgomery,1.06
20862,Montgomery,1.06
20866,Montgomery,1.06
20868,Montgomery,1.06
20871,Frederick,1.06
20872,Frederick,1.06
20874,Montgomery,1.06
20875,Montgomery,1.06
20876,Montgomery,1.06
20877,Montgomery,1.06
20878,Montgomery,1.06
20879,Montgomery,1.06
20880,Montgomery,1.06
20882,Montgomery,1.06
20883,Gaithersburg,1.06
20884,Gaithersburg,1.06
20885,Gaithersburg,1.06
20886,Montgomery,1.06
20889,Montgomery,1.06
20891,Montgomery,1.06
20892,Montgomery,1.06
20894,Montgomery,1.06
20895,Montgomery,1.06
20896,Montgomery,1.06
20897,Montgomery,1.06
20898,Montgomery,1.06
20899,Montgomery,1.06
20901,Montgomery,1.06
20902,Montgomery,1.06
20903,Prince George's,1.06
20904,Prince George's,1.06
20905,Montgomery,1.06
20906,Montgomery,1.06
20907,Montgomery,1.06
20908,Montgomery,1.06
20910,Montgomery,1.06
20911,Montgomery,1.06
20912,Prince George's,1.06
20913,Takoma Park,1.06
20914,Montgomery,1.06
20915,Montgomery,1.06
20916,Montgomery,1.06
20918,Montgomery,1.06
20993,Montgomery,1.06
20997,Montgomery,1.06
21001,Harford,1.06
21005,Harford,1.06
21009,Harford,1.06
21010,Harford,1.06
21012,Anne Arundel,1.06
21013,Harford,1.06
21014,Harford,1.06
21015,Harford,1.06
21017,Harford,1.06
21018,Harford,1.06
21020,Baltimore,1.06
21022,Baltimore,1.06
21023,Baltimore,1.06
21027,Baltimore,1.06
21028,Harford,1.06
21029,Howard,1.06
21030,Baltimore,1.06
21031,Baltimore,1.06
21032,Anne Arundel,1.06
21034,Harford,1.06
21035,Anne Arundel,1.06
21036,Howard,1.06
21037,Anne Arundel,1.06
21040,Harford,1.06
21041,Howard,1.06
21042,Howard,1.06
21043,Howard,1.06
21044,Howard,1.06
21045,Howard,1.06
21046,Howard,1.06
21047,Harford,1.06
21048,Carroll,1.06
21050,Harford,1.06
21051,Baltimore,1.06
21052,Baltimore,1.06
21053,Baltimore,1.06
21054,Anne Arundel,1.06
21056,Anne Arundel,1.06
21057,Baltimore,1.06
21060,Anne Arundel,1.06
21061,Anne Arundel,1.06
21062,Anne Arundel,1.06
21065,Baltimore,1.06
21071,Baltimore,1.06
21074,Carroll,1.06
21075,Howard,1.06
21076,Howard,1.06
21077,Anne Arundel,1.06
21078,Harford,1.06
21082,Harford,1.06
21084,Harford,1.06
21085,Harford,1.06
21087,Harford,1.06
21088,Carroll,1.06
21090,Baltimore,1.06
21092,Baltimore,1.06
21093,Baltimore,1.06
21094,Baltimore,1.06
21102,Carroll,1.06
21104,Carroll,1.06
21105,Baltimore,1.06
21106,Anne Arundel,1.06
21108,Anne Arundel,1.06
21111,Harford,1.06
21113,Anne Arundel,1.06
21114,Anne Arundel,1.06
21117,Baltimore,1.06
21120,Harford,1.06
21122,Anne Arundel,1.06
21123,Anne Arundel,1.06
21128,Baltimore,1.06
21130,Harford,1.06
21131,Baltimore,1.06
21132,Harford,1.06
21133,Baltimore,1.06
21136,Carroll,1.06
21139,Baltimore,1.06
21140,Anne Arundel,1.06
21144,Anne Arundel,1.06
21146,Anne Arundel,1.06
21150,Howard,1.06
21152,Baltimore,1.06
21153,Baltimore,1.06
21154,Harford,1.06
21155,Carroll,1.06
21156,Baltimore,1.06
21157,Carroll,1.06
21158,Carroll,1.06
21160,Harford,1.06
21161,Harford,1.06
21162,Baltimore,1.06
21163,Howard,1.06
21201,Baltimore,1.06
21202,Baltimore,1.06
21203,Baltimore,1.06
21204,Baltimore,1.06
21205,Baltimore,1.06
21206,Baltimore,1.06
21207,Baltimore,1.06
21208,Baltimore,1.06
21209,Baltimore,1.06
21210,Baltimore,1.06
21211,Baltimore,1.06
21212,Baltimore,1.06
21213,Baltimore,1.06
21214,Baltimore,1.06
21215,Baltimore,1.06
21216,Baltimore,1.06
21217,Baltimore,1.06
21218,Baltimore,1.06
21219,Baltimore,1.06
21220,Baltimore,1.06
21221,Baltimore,1.06
21222,Baltimore,1.06
21223,Baltimore,1.06
21224,Baltimore,1.06
21225,Baltimore,1.06
21226,Baltimore,1.06
21227,Baltimore,1.06
21228,Baltimore,1.06
21229,Baltimore,1.06
21230,Baltimore,1.06
21231,Baltimore,1.06
21233,Baltimore,1.06
21234,Baltimore,1.06
21235,Baltimore,1.06
21236,Baltimore,1.06
21237,Baltimore,1.06
21239,Baltimore,1.06
21240,Anne Arundel,1.06
21241,Baltimore,1.06
21244,Baltimore,1.06
21250,Baltimore,1.06
21251,Baltimore,1.06
21252,Baltimore,1.06
21263,Baltimore,1.06
21264,Baltimore,1.06
21270,Baltimore,1.06
21273,Baltimore,1.06
21275,Baltimore,1.06
21278,Baltimore,1.06
21279,Baltimore,1.06
21281,Baltimore,1.06
21282,Baltimore,1.06
21284,Baltimore,1.06
21285,Baltimore,1.06
21286,Baltimore,1.06
21287,Baltimore,1.06
21289,Baltimore,1.06
21290,Baltimore,1.06
21297,Baltimore,1.06
21298,Baltimore,1.06
21401,Anne Arundel,1.06
21402,Anne Arundel,1.06
21403,Anne Arundel,1.06
21404,Annapolis,1.06
21405,Anne Arundel,1.06
21409,Anne Arundel,1.06
21411,Annapolis,1.06
21412,Anne Arundel,1.06
21501,Cumberland,1.06
21502,Allegany,1.06
21503,Cumberland,1.06
21504,Allegany,1.06
21505,Allegany,1.06
21520,Garrett,1.06
21521,Garrett,1.06
21522,Garrett,1.06
21523,Garrett,1.06
21524,Allegany,1.06
21528,Allegany,1.06
21529,Allegany,1.06
21530,Allegany,1.06
21531,Garrett,1.06
21532,Garrett,1.06
21536,Garrett,1.06
21538,Garrett,1.06
21539,Garrett,1.06
21540,Allegany,1.06
21541,Garrett,1.06
21542,Midland,1.06
21543,Allegany,1.06
21545,Allegany,1.06
21550,Garrett,1.06
21555,Allegany,1.06
21556,Allegany,1.06
21557,Allegany,1.06
21560,Allegany,1.06
21561,Garrett,1.06
21562,Garrett,1.06
21601,Talbot,1.06
21607,Caroline,1.06
21609,Caroline,1.06
21610,Kent,1.06
21612,Talbot,1.06
21613,Dorchester,1.06
21617,Queen Anne's,1.06
21619,Queen Anne's,1.06
21620,Kent,1.06
21622,Dorchester,1.06
21623,Queen Anne's,1.06
21624,Talbot,1.06
21625,Talbot,1.06
21626,Dorchester,1.06
21627,Dorchester,1.06
21628,Queen Anne's,1.06
21629,Caroline,1.06
21631,Dorchester,1.06
21632,Dorchester,1.06
21634,Dorchester,1.06
21635,Cecil,1.06
21636,Caroline,1.06
21638,Queen Anne's,1.06
21639,Caroline,1.06
21640,Caroline,1.06
21641,Caroline,1.06
21643,Dorchester,1.06
21644,Queen Anne's,1.06
21645,Kent,1.06
21647,Talbot,1.06
21648,Dorchester,1.06
21649,Caroline,1.06
21650,Kent,1.06
21651,Kent,1.06
21652,Talbot,1.06
21653,Talbot,1.06
21654,Talbot,1.06
21655,Caroline,1.06
21656,Queen Anne's,1.06
21657,Caroline,1.06
21658,Queen Anne's,1.06
21659,Dorchester,1.06
21660,Caroline,1.06
21661,Kent,1.06
21662,Talbot,1.06
21663,Talbot,1.06
21664,Dorchester,1.06
21665,Talbot,1.06
21666,Queen Anne's,1.06
21667,Kent,1.06
21668,Queen Anne's,1.06
21669,Dorchester,1.06
21670,Templeville,1.06
21671,Talbot,1.06
21672,Dorchester,1.06
21673,Talbot,1.06
21675,Dorchester,1.06
21676,Talbot,1.06
21677,Dorchester,1.06
21678,Kent,1.06
21679,Queen Anne's,1.06
21690,Chestertown,1.06
21701,Frederick,1.06
21702,Frederick,1.06
21703,Frederick,1.06
21704,Frederick,1.06
21705,Frederick,1.06
21709,Frederick,1.06
21710,Frederick,1.06
21711,Washington,1.06
21713,Washington,1.06
21714,Frederick,1.06
21715,Washington,1.06
21716,Frederick,1.06
21717,Frederick,1.06
21718,Frederick,1.06
21719,Frederick,1.06
21720,Washington,1.06
21721,Washington,1.06
21722,Washington,1.06
21723,Carroll,1.06
21727,Frederick,1.06
21733,Washington,1.06
21734,Funkstown,1.06
21737,Howard,1.06
21738,Howard,1.06
21740,Washington,1.06
21741,Hagerstown,1.06
21742,Washington,1.06
21746,Washington,1.06
21747,Hagerstown,1.06
21749,Hagerstown,1.06
21750,Allegany,1.06
21754,Frederick,1.06
21755,Frederick,1.06
21756,Washington,1.06
21757,Carroll,1.06
21758,Frederick,1.06
21759,Frederick,1.06
21762,Frederick,1.06
21765,Howard,1.06
21766,Allegany,1.06
21767,Washington,1.06
21769,Frederick,1.06
21770,Frederick,1.06
21771,Carroll,1.06
21773,Frederick,1.06
21774,Frederick,1.06
21775,Frederick,1.06
21776,Carroll,1.06
21777,Frederick,1.06
21778,Frederick,1.06
21779,Frederick,1.06
21780,Frederick,1.06
21781,Washington,1.06
21782,Washington,1.06
21783,Frederick,1.06
21784,Carroll,1.06
21787,Carroll,1.06
21788,Frederick,1.06
21790,Frederick,1.06
21791,Carroll,1.06
21792,Frederick,1.06
21793,Frederick,1.06
21794,Howard,1.06
21795,Washington,1.06
21797,Carroll,1.06
21798,Frederick,1.06
21801,Wicomico,1.06
21802,Salisbury,1.06
21803,Salisbury,1.06
21804,Wicomico,1.06
21810,Wicomico,1.06
21811,Wicomico,1.06
21813,Worcester,1.06
21814,Wicomico,1.06
21817,Somerset,1.06
21821,Somerset,1.06
21822,Somerset,1.06
21824,Somerset,1.06
21826,Wicomico,1.06
21829,Worcester,1.06
21830,Wicomico,1.06
21835,Dorchester,1.06
21836,Somerset,1.06
21837,Wicomico,1.06
21838,Somerset,1.06
21840,Wicomico,1.06
21841,Worcester,1.06
21842,Ocean City,1.06
21843,Ocean City,1.06
21849,Wicomico,1.06
21850,Wicomico,1.06
21851,Somerset,1.06
21852,Wicomico,1.06
21853,Somerset,1.06
21856,Wicomico,1.06
21857,Somerset,1.06
21861,Wicomico,1.06
21862,Worcester,1.06
21863,Worcester,1.06
21864,Worcester,1.06
21865,Wicomico,1.06
21866,Somerset,1.06
21867,Somerset,1.06
21869,Dorchester,1.06
21871,Somerset,1.06
21872,Worcester,1.06
21874,Wicomico,1.06
21875,Wicomico,1.06
21890,Somerset,1.06
21901,Cecil,1.06
21902,Cecil,1.06
21903,Cecil,1.06
21904,Cecil,1.06
21911,Cecil,1.06
21912,Cecil,1.06
21913,Cecil,1.06
21914,Cecil,1.06
21915,Cecil,1.06
21916,Cecil,1.06
21917,Cecil,1.06
21918,Cecil,1.06
21919,Cecil,1.06
21920,Cecil,1.06
21921,Cecil,1.06
21922,Elkton,1.06
21930,Cecil,1.06
