48001,Saint Clair,1.06
48002,Lapeer,1.06
48003,Lapeer,1.06
48004,Saint Clair,1.06
48005,Macomb,1.06
48006,Saint Clair,1.06
48007,Troy,1.06
48009,Oakland,1.06
48012,Birmingham,1.06
48014,Lapeer,1.06
48015,Center Line,1.06
48017,Clawson,1.06
48021,Eastpointe,1.06
48022,Saint Clair,1.06
48023,Saint Clair,1.06
48025,Oakland,1.06
48026,Macomb,1.06
48027,Saint Clair,1.06
48028,Saint Clair,1.06
48030,Oakland,1.06
48032,Sanilac,1.06
48033,Farmington Hills,1.06
48034,Bingham Farms,1.06
48035,Macomb,1.06
48036,Macomb,1.06
48037,Southfield,1.06
48038,Macomb,1.06
48039,Saint Clair,1.06
48040,Saint Clair,1.06
48041,Saint Clair,1.06
48042,Macomb,1.06
48043,Macomb,1.06
48044,Macomb,1.06
48045,Macomb,1.06
48046,Mount Clemens,1.06
48047,Macomb,1.06
48048,Macomb,1.06
48049,Saint Clair,1.06
48050,Macomb,1.06
48051,New Haven,1.06
48054,Saint Clair,1.06
48059,Saint Clair,1.06
48060,Saint Clair,1.06
48061,Saint Clair,1.06
48062,Macomb,1.06
48063,Saint Clair,1.06
48064,Saint Clair,1.06
48065,Oakland,1.06
48066,Macomb,1.06
48067,Madison Heights,1.06
48068,Royal Oak,1.06
48069,Ferndale,1.06
48070,Huntington Woods,1.06
48071,Madison Heights,1.06
48072,Huntington Woods,1.06
48073,Beverly Hills,1.06
48074,Saint Clair,1.06
48075,Southfield,1.06
48076,Beverly Hills,1.06
48079,Saint Clair,1.06
48080,Saint Clair Shores,1.06
48081,Roseville,1.06
48082,Macomb,1.06
48083,Clawson,1.06
48084,Birmingham,1.06
48085,Troy,1.06
48086,Southfield,1.06
48088,Fraser,1.06
48089,Center Line,1.06
48090,Warren,1.06
48091,Center Line,1.06
48092,Warren,1.06
48093,Warren,1.06
48094,Macomb,1.06
48095,Macomb,1.06
48096,Macomb,1.06
48097,Saint Clair,1.06
48098,Oakland,1.06
48099,Troy,1.06
48101,Wayne,1.06
48103,Washtenaw,1.06
48104,Washtenaw,1.06
48105,Washtenaw,1.06
48106,Ann Arbor,1.06
48107,Ann Arbor,1.06
48108,Washtenaw,1.06
48109,Washtenaw,1.06
48110,Monroe,1.06
48111,Washtenaw,1.06
48112,Wayne,1.06
48113,Ann Arbor,1.06
48114,Livingston,1.06
48115,Washtenaw,1.06
48116,Livingston,1.06
48117,Monroe,1.06
48118,Washtenaw,1.06
48120,Dearborn,1.06
48121,Dearborn,1.06
48122,Detroit,1.06
48123,Dearborn,1.06
48124,Dearborn,1.06
48125,Allen Park,1.06
48126,Dearborn,1.06
48127,Wayne,1.06
48128,Dearborn,1.06
48130,Washtenaw,1.06
48131,Monroe,1.06
48133,Monroe,1.06
48134,Monroe,1.06
48135,Dearborn Heights,1.06
48136,Garden City,1.06
48137,Washtenaw,1.06
48138,Wayne,1.06
48139,Livingston,1.06
48140,Monroe,1.06
48141,Dearborn Heights,1.06
48143,Livingston,1.06
48144,Monroe,1.06
48145,Monroe,1.06
48146,Allen Park,1.06
48150,Wayne,1.06
48151,Livonia,1.06
48152,Wayne,1.06
48153,Livonia,1.06
48154,Livonia,1.06
48157,Monroe,1.06
48158,Washtenaw,1.06
48159,Monroe,1.06
48160,Washtenaw,1.06
48161,Monroe,1.06
48162,Monroe,1.06
48164,Monroe,1.06
48165,Oakland,1.06
48166,Monroe,1.06
48167,Oakland,1.06
48168,Wayne,1.06
48169,Washtenaw,1.06
48170,Wayne,1.06
48173,Wayne,1.06
48174,Wayne,1.06
48175,Washtenaw,1.06
48176,Washtenaw,1.06
48177,Monroe,1.06
48178,Oakland,1.06
48179,Monroe,1.06
48180,Wayne,1.06
48182,Monroe,1.06
48183,Wayne,1.06
48184,Wayne,1.06
48185,Wayne,1.06
48186,Dearborn Heights,1.06
48187,Wayne,1.06
48188,Wayne,1.06
48189,Washtenaw,1.06
48190,Washtenaw,1.06
48191,Washtenaw,1.06
48192,Ecorse,1.06
48193,Wayne,1.06
48195,Wayne,1.06
48197,Washtenaw,1.06
48198,Wayne,1.06
48201,Detroit,1.06
48202,Detroit,1.06
48203,Detroit,1.06
48204,Dearborn,1.06
48205,Detroit,1.06
48206,Detroit,1.06
48207,Rochester Hills,1.06
48208,Detroit,1.06
48209,Detroit,1.06
48210,Dearborn,1.06
48211,Detroit,1.06
48212,Detroit,1.06
48213,Detroit,1.06
48214,Detroit,1.06
48215,Detroit,1.06
48216,Detroit,1.06
48217,Detroit,1.06
48218,Detroit,1.06
48219,Wayne,1.06
48220,Oakland,1.06
48221,Detroit,1.06
48222,Detroit,1.06
48223,Wayne,1.06
48224,Detroit,1.06
48225,Detroit,1.06
48226,Detroit,1.06
48227,Detroit,1.06
48228,Dearborn,1.06
48229,Ecorse,1.06
48230,Detroit,1.06
48231,Detroit,1.06
48232,Detroit,1.06
48233,Detroit,1.06
48234,Detroit,1.06
48235,Detroit,1.06
48236,Grosse Pointe Shores,1.06
48237,Oakland,1.06
48238,Detroit,1.06
48239,Wayne,1.06
48240,Wayne,1.06
48242,Wayne,1.06
48243,Detroit,1.06
48244,Detroit,1.06
48255,Detroit,1.06
48260,Detroit,1.06
48264,Detroit,1.06
48265,Detroit,1.06
48266,Detroit,1.06
48267,Detroit,1.06
48268,Detroit,1.06
48269,Detroit,1.06
48272,Detroit,1.06
48275,Detroit,1.06
48277,Detroit,1.06
48278,Detroit,1.06
48279,Detroit,1.06
48288,Highland Park,1.06
48301,Oakland,1.06
48302,Oakland,1.06
48303,Oakland,1.06
48304,Oakland,1.06
48306,Oakland,1.06
48307,Macomb,1.06
48308,Rochester,1.06
48309,Auburn Hills,1.06
48310,Sterling Heights,1.06
48311,Sterling Heights,1.06
48312,Macomb,1.06
48313,Macomb,1.06
48314,Sterling Heights,1.06
48315,Macomb,1.06
48316,Macomb,1.06
48317,Macomb,1.06
48318,Macomb,1.06
48320,Oakland,1.06
48321,Auburn Hills,1.06
48322,Oakland,1.06
48323,Oakland,1.06
48324,Oakland,1.06
48325,Oakland,1.06
48326,Oakland,1.06
48327,Oakland,1.06
48328,Oakland,1.06
48329,Oakland,1.06
48330,Oakland,1.06
48331,Oakland,1.06
48332,Farmington,1.06
48333,Farmington Hills,1.06
48334,Franklin,1.06
48335,Farmington,1.06
48336,Farmington,1.06
48340,Oakland,1.06
48341,Oakland,1.06
48342,Auburn Hills,1.06
48343,Pontiac,1.06
48346,Oakland,1.06
48347,Oakland,1.06
48348,Oakland,1.06
48350,Oakland,1.06
48353,Livingston,1.06
48356,Oakland,1.06
48357,Livingston,1.06
48359,Oakland,1.06
48360,Oakland,1.06
48361,Oakland,1.06
48362,Oakland,1.06
48363,Oakland,1.06
48366,Oakland,1.06
48367,Oakland,1.06
48370,Oakland,1.06
48371,Oakland,1.06
48374,Novi,1.06
48375,Farmington Hills,1.06
48376,Novi,1.06
48377,Novi,1.06
48380,Livingston,1.06
48381,Oakland,1.06
48382,Oakland,1.06
48383,Oakland,1.06
48386,Oakland,1.06
48387,Oakland,1.06
48390,Oakland,1.06
48393,Oakland,1.06
48397,Warren,1.06
48401,Sanilac,1.06
48410,Sanilac,1.06
48411,Genesee,1.06
48412,Lapeer,1.06
48413,Huron,1.06
48414,Shiawassee,1.06
48415,Saginaw,1.06
48416,Saint Clair,1.06
48417,Saginaw,1.06
48418,Shiawassee,1.06
48419,Sanilac,1.06
48420,Tuscola,1.06
48421,Lapeer,1.06
48422,Sanilac,1.06
48423,Genesee,1.06
48426,Sanilac,1.06
48427,Sanilac,1.06
48428,Oakland,1.06
48429,Shiawassee,1.06
48430,Genesee,1.06
48432,Huron,1.06
48433,Genesee,1.06
48434,Forestville,1.06
48435,Lapeer,1.06
48436,Genesee,1.06
48437,Genesee,1.06
48438,Genesee,1.06
48439,Genesee,1.06
48440,Lapeer,1.06
48441,Huron,1.06
48442,Genesee,1.06
48444,Lapeer,1.06
48445,Huron,1.06
48446,Lapeer,1.06
48449,Genesee,1.06
48450,Sanilac,1.06
48451,Genesee,1.06
48453,Sanilac,1.06
48454,Saint Clair,1.06
48455,Lapeer,1.06
48456,Sanilac,1.06
48457,Saginaw,1.06
48458,Genesee,1.06
48460,Genesee,1.06
48461,Lapeer,1.06
48462,Genesee,1.06
48463,Lapeer,1.06
48464,Lapeer,1.06
48465,Sanilac,1.06
48466,Sanilac,1.06
48467,Huron,1.06
48468,Huron,1.06
48469,Sanilac,1.06
48470,Sanilac,1.06
48471,Sanilac,1.06
48472,Sanilac,1.06
48473,Genesee,1.06
48475,Sanilac,1.06
48476,Shiawassee,1.06
48480,Grand Blanc,1.06
48501,Flint,1.06
48502,Flint,1.06
48503,Genesee,1.06
48504,Genesee,1.06
48505,Genesee,1.06
48506,Genesee,1.06
48507,Genesee,1.06
48509,Genesee,1.06
48519,Genesee,1.06
48529,Genesee,1.06
48531,Genesee,1.06
48532,Genesee,1.06
48550,Flint,1.06
48551,Flint,1.06
48552,Flint,1.06
48553,Flint,1.06
48554,Swartz Creek,1.06
48555,Flint,1.06
48556,Flint,1.06
48557,Flint,1.06
48601,Saginaw,1.06
48602,Saginaw,1.06
48603,Saginaw,1.06
48604,Saginaw,1.06
48605,Saginaw,1.06
48606,Saginaw,1.06
48607,Saginaw,1.06
48608,Saginaw,1.06
48609,Saginaw,1.06
48610,Ogemaw,1.06
48611,Bay,1.06
48612,Clare,1.06
48613,Gladwin,1.06
48614,Saginaw,1.06
48615,Gratiot,1.06
48616,Saginaw,1.06
48617,Clare,1.06
48618,Gladwin,1.06
48619,Montmorency,1.06
48620,Midland,1.06
48621,Oscoda,1.06
48622,Isabella,1.06
48623,Midland,1.06
48624,Ogemaw,1.06
48625,Clare,1.06
48626,Midland,1.06
48627,Roscommon,1.06
48628,Gladwin,1.06
48629,Roscommon,1.06
48630,Roscommon,1.06
48631,Bay,1.06
48632,Isabella,1.06
48633,Clare,1.06
48634,Bay,1.06
48635,Ogemaw,1.06
48636,Oscoda,1.06
48637,Gratiot,1.06
48638,Saginaw,1.06
48640,Midland,1.06
48641,Midland,1.06
48642,Bay,1.06
48647,Oscoda,1.06
48649,Saginaw,1.06
48650,Arenac,1.06
48651,Roscommon,1.06
48652,Gladwin,1.06
48653,Roscommon,1.06
48654,Ogemaw,1.06
48655,Saginaw,1.06
48656,Roscommon,1.06
48657,Midland,1.06
48658,Arenac,1.06
48659,Ogemaw,1.06
48661,Ogemaw,1.06
48662,Gratiot,1.06
48663,Saginaw,1.06
48667,Midland,1.06
48670,Midland,1.06
48674,Midland,1.06
48686,Midland,1.06
48701,Tuscola,1.06
48703,Arenac,1.06
48705,Alcona,1.06
48706,Bay,1.06
48707,Bay City,1.06
48708,Saginaw,1.06
48710,Bay,1.06
48720,Huron,1.06
48721,Alcona,1.06
48722,Saginaw,1.06
48723,Tuscola,1.06
48724,Saginaw,1.06
48725,Huron,1.06
48726,Tuscola,1.06
48727,Lapeer,1.06
48728,Alcona,1.06
48729,Tuscola,1.06
48730,East Tawas,1.06
48731,Huron,1.06
48732,Bay,1.06
48733,Tuscola,1.06
48734,Tuscola,1.06
48735,Huron,1.06
48737,Alcona,1.06
48738,Iosco,1.06
48739,Ogemaw,1.06
48740,Iosco,1.06
48741,Sanilac,1.06
48742,Alcona,1.06
48743,Ogemaw,1.06
48744,Tuscola,1.06
48745,Alcona,1.06
48746,Tuscola,1.06
48747,Saginaw,1.06
48748,Iosco,1.06
48749,Arenac,1.06
48750,Iosco,1.06
48754,Huron,1.06
48755,Huron,1.06
48756,Ogemaw,1.06
48757,Saginaw,1.06
48758,Tuscola,1.06
48759,Tuscola,1.06
48760,Lapeer,1.06
48761,Ogemaw,1.06
48762,Alcona,1.06
48763,Tawas City,1.06
48764,Tawas City,1.06
48765,Arenac,1.06
48766,Arenac,1.06
48767,Tuscola,1.06
48768,Tuscola,1.06
48770,Ogemaw,1.06
48787,Frankenmuth,1.06
48801,Gratiot,1.06
48804,Mount Pleasant,1.06
48805,Ingham,1.06
48806,Saginaw,1.06
48807,Saginaw,1.06
48808,Clinton,1.06
48809,Ionia,1.06
48811,Montcalm,1.06
48812,Montcalm,1.06
48813,Eaton,1.06
48815,Ionia,1.06
48816,Livingston,1.06
48817,Shiawassee,1.06
48818,Montcalm,1.06
48819,Ingham,1.06
48820,Clinton,1.06
48821,Ingham,1.06
48822,Clinton,1.06
48823,Clinton,1.06
48824,East Lansing,1.06
48825,East Lansing,1.06
48826,East Lansing,1.06
48827,Ingham,1.06
48829,Montcalm,1.06
48830,Gratiot,1.06
48831,Saginaw,1.06
48832,Gratiot,1.06
48833,Clinton,1.06
48834,Montcalm,1.06
48835,Clinton,1.06
48836,Livingston,1.06
48837,Eaton,1.06
48838,Montcalm,1.06
48840,Clinton,1.06
48841,Saginaw,1.06
48842,Ingham,1.06
48843,Livingston,1.06
48844,Howell,1.06
48845,Montcalm,1.06
48846,Ionia,1.06
48847,Gratiot,1.06
48848,Clinton,1.06
48849,Ionia,1.06
48850,Montcalm,1.06
48851,Ionia,1.06
48852,Mcbride,1.06
48853,Maple Rapids,1.06
48854,Ingham,1.06
48855,Livingston,1.06
48856,Gratiot,1.06
48857,Shiawassee,1.06
48858,Isabella,1.06
48859,Mount Pleasant,1.06
48860,Muir,1.06
48861,Eaton,1.06
48862,Gratiot,1.06
48864,Ingham,1.06
48865,Ionia,1.06
48866,Shiawassee,1.06
48867,Shiawassee,1.06
48870,Ionia,1.06
48871,Gratiot,1.06
48872,Shiawassee,1.06
48873,Clinton,1.06
48874,Gratiot,1.06
48875,Ionia,1.06
48876,Eaton,1.06
48877,Gratiot,1.06
48878,Isabella,1.06
48879,Clinton,1.06
48880,Gratiot,1.06
48881,Ionia,1.06
48882,Shiawassee,1.06
48883,Isabella,1.06
48884,Montcalm,1.06
48885,Montcalm,1.06
48886,Montcalm,1.06
48887,Ionia,1.06
48888,Montcalm,1.06
48889,Montcalm,1.06
48890,Ionia,1.06
48891,Montcalm,1.06
48892,Ingham,1.06
48893,Isabella,1.06
48894,Ionia,1.06
48895,Ingham,1.06
48896,Isabella,1.06
48897,Barry,1.06
48901,Lansing,1.06
48906,Ingham,1.06
48908,Eaton,1.06
48909,Lansing,1.06
48910,Ingham,1.06
48911,Ingham,1.06
48912,Ingham,1.06
48913,Lansing,1.06
48915,East Lansing,1.06
48916,Lansing,1.06
48917,Ingham,1.06
48918,Lansing,1.06
48919,Lansing,1.06
48922,Lansing,1.06
48924,Lansing,1.06
48929,Lansing,1.06
48930,Lansing,1.06
48933,Lansing,1.06
48937,Lansing,1.06
48951,Lansing,1.06
48956,Lansing,1.06
48980,Lansing,1.06
49001,Kalamazoo,1.06
49002,Kalamazoo,1.06
49003,Kalamazoo,1.06
49004,Kalamazoo,1.06
49005,Kalamazoo,1.06
49006,Kalamazoo,1.06
49007,Kalamazoo,1.06
49008,Kalamazoo,1.06
49009,Kalamazoo,1.06
49010,Allegan,1.06
49011,Calhoun,1.06
49012,Barry,1.06
49013,Van Buren,1.06
49014,Calhoun,1.06
49015,Calhoun,1.06
49016,Battle Creek,1.06
49017,Barry,1.06
49018,Battle Creek,1.06
49019,Kalamazoo,1.06
49020,Calhoun,1.06
49021,Barry,1.06
49022,Berrien,1.06
49023,Benton Harbor,1.06
49024,Kalamazoo,1.06
49026,Van Buren,1.06
49027,Breedsville,1.06
49028,Branch,1.06
49029,Calhoun,1.06
49030,Branch,1.06
49031,Cass,1.06
49032,Saint Joseph,1.06
49033,Calhoun,1.06
49034,Calhoun,1.06
49035,Barry,1.06
49036,Branch,1.06
49037,Calhoun,1.06
49038,Berrien,1.06
49039,Saint Joseph,1.06
49040,Saint Joseph,1.06
49041,Kalamazoo,1.06
49042,Saint Joseph,1.06
49043,Van Buren,1.06
49045,Van Buren,1.06
49046,Barry,1.06
49047,Cass,1.06
49048,Kalamazoo,1.06
49050,Barry,1.06
49051,Calhoun,1.06
49052,Calhoun,1.06
49053,Kalamazoo,1.06
49055,Van Buren,1.06
49056,Van Buren,1.06
49057,Van Buren,1.06
49058,Barry,1.06
49060,Barry,1.06
49061,Cass,1.06
49062,Van Buren,1.06
49063,Van Buren,1.06
49064,Van Buren,1.06
49065,Van Buren,1.06
49066,Saint Joseph,1.06
49067,Cass,1.06
49068,Calhoun,1.06
49070,Allegan,1.06
49071,Van Buren,1.06
49072,Saint Joseph,1.06
49073,Barry,1.06
49074,Kalamazoo,1.06
49075,Saint Joseph,1.06
49076,Eaton,1.06
49077,Kalamazoo,1.06
49078,Kalamazoo,1.06
49079,Van Buren,1.06
49080,Kalamazoo,1.06
49081,Portage,1.06
49082,Branch,1.06
49083,Kalamazoo,1.06
49084,Berrien,1.06
49085,Benton Harbor,1.06
49087,Cass,1.06
49088,Kalamazoo,1.06
49089,Branch,1.06
49090,Van Buren,1.06
49091,Saint Joseph,1.06
49092,Calhoun,1.06
49093,Saint Joseph,1.06
49094,Calhoun,1.06
49095,Cass,1.06
49096,Eaton,1.06
49097,Kalamazoo,1.06
49098,Berrien,1.06
49099,Saint Joseph,1.06
49101,Berrien,1.06
49102,Berrien,1.06
49103,Berrien,1.06
49104,Berrien,1.06
49106,Berrien,1.06
49107,Berrien,1.06
49111,Berrien,1.06
49112,Cass,1.06
49113,Berrien,1.06
49115,Berrien,1.06
49116,Berrien,1.06
49117,Berrien,1.06
49119,Berrien,1.06
49120,Berrien,1.06
49125,Berrien,1.06
49126,Berrien,1.06
49127,Berrien,1.06
49128,Berrien,1.06
49129,Berrien,1.06
49130,Cass,1.06
49201,Jackson,1.06
49202,Jackson,1.06
49203,Jackson,1.06
49204,Jackson,1.06
49220,Addison,1.06
49221,Lenawee,1.06
49224,Calhoun,1.06
49227,Hillsdale,1.06
49228,Lenawee,1.06
49229,Lenawee,1.06
49230,Lenawee,1.06
49232,Hillsdale,1.06
49233,Jackson,1.06
49234,Jackson,1.06
49235,Lenawee,1.06
49236,Washtenaw,1.06
49237,Calhoun,1.06
49238,Lenawee,1.06
49239,Hillsdale,1.06
49240,Jackson,1.06
49241,Hillsdale,1.06
49242,Hillsdale,1.06
49245,Calhoun,1.06
49246,Jackson,1.06
49247,Lenawee,1.06
49248,Lenawee,1.06
49249,Hillsdale,1.06
49250,Hillsdale,1.06
49251,Ingham,1.06
49252,Hillsdale,1.06
49253,Lenawee,1.06
49254,Jackson,1.06
49255,Branch,1.06
49256,Lenawee,1.06
49257,Hillsdale,1.06
49258,Hillsdale,1.06
49259,Jackson,1.06
49261,Jackson,1.06
49262,Hillsdale,1.06
49263,Jackson,1.06
49264,Ingham,1.06
49265,Lenawee,1.06
49266,Hillsdale,1.06
49267,Monroe,1.06
49268,Lenawee,1.06
49269,Jackson,1.06
49270,Monroe,1.06
49271,Hillsdale,1.06
49272,Ingham,1.06
49274,Branch,1.06
49276,Lenawee,1.06
49277,Ingham,1.06
49279,Lenawee,1.06
49281,Hillsdale,1.06
49282,Hillsdale,1.06
49283,Jackson,1.06
49284,Eaton,1.06
49285,Washtenaw,1.06
49286,Lenawee,1.06
49287,Lenawee,1.06
49288,Hillsdale,1.06
49289,Lenawee,1.06
49301,Kent,1.06
49302,Kent,1.06
49303,Newaygo,1.06
49304,Lake,1.06
49305,Mecosta,1.06
49306,Kent,1.06
49307,Mecosta,1.06
49309,Newaygo,1.06
49310,Isabella,1.06
49311,Allegan,1.06
49312,Newaygo,1.06
49314,Allegan,1.06
49315,Kent,1.06
49316,Allegan,1.06
49317,Kent,1.06
49318,Muskegon,1.06
49319,Kent,1.06
49320,Mecosta,1.06
49321,Kent,1.06
49322,Montcalm,1.06
49323,Allegan,1.06
49325,Ionia,1.06
49326,Montcalm,1.06
49327,Newaygo,1.06
49328,Allegan,1.06
49329,Montcalm,1.06
49330,Muskegon,1.06
49331,Ionia,1.06
49332,Mecosta,1.06
49333,Allegan,1.06
49335,Allegan,1.06
49336,Mecosta,1.06
49337,Mecosta,1.06
49338,Newaygo,1.06
49339,Montcalm,1.06
49340,Isabella,1.06
49341,Kent,1.06
49342,Mecosta,1.06
49343,Kent,1.06
49344,Allegan,1.06
49345,Ottawa,1.06
49346,Mecosta,1.06
49347,Montcalm,1.06
49348,Allegan,1.06
49349,Newaygo,1.06
49351,Kent,1.06
49355,Kent,1.06
49356,Kent,1.06
49357,Kent,1.06
49401,Ottawa,1.06
49402,Mason,1.06
49403,Ottawa,1.06
49404,Ottawa,1.06
49405,Mason,1.06
49406,Allegan,1.06
49408,Allegan,1.06
49409,Ferrysburg,1.06
49410,Mason,1.06
49411,Mason,1.06
49412,Newaygo,1.06
49413,Fremont,1.06
49415,Ottawa,1.06
49416,Allegan,1.06
49417,Ottawa,1.06
49418,Kent,1.06
49419,Allegan,1.06
49420,Hart,1.06
49421,Newaygo,1.06
49422,Holland,1.06
49423,Allegan,1.06
49424,Ottawa,1.06
49425,Muskegon,1.06
49426,Ottawa,1.06
49427,Ottawa,1.06
49428,Ottawa,1.06
49429,Ottawa,1.06
49430,Ottawa,1.06
49431,Mason,1.06
49434,Ottawa,1.06
49435,Ottawa,1.06
49436,Oceana,1.06
49437,Muskegon,1.06
49440,Muskegon,1.06
49441,Muskegon,1.06
49442,Muskegon,1.06
49443,Muskegon,1.06
49444,Muskegon,1.06
49445,Muskegon,1.06
49446,Oceana,1.06
49448,Ottawa,1.06
49449,Oceana,1.06
49450,Allegan,1.06
49451,Newaygo,1.06
49452,Oceana,1.06
49453,Saugatuck,1.06
49454,Mason,1.06
49455,Oceana,1.06
49456,Ottawa,1.06
49457,Muskegon,1.06
49458,Mason,1.06
49459,Newaygo,1.06
49460,Ottawa,1.06
49461,Muskegon,1.06
49463,Muskegon,1.06
49464,Ottawa,1.06
49468,Grandville,1.06
49501,Grand Rapids,1.06
49502,Grand Rapids,1.06
49503,Kent,1.06
49504,Walker,1.06
49505,Kent,1.06
49506,Kent,1.06
49507,Wyoming,1.06
49508,Kent,1.06
49509,Wyoming,1.06
49510,Grand Rapids,1.06
49512,Kent,1.06
49514,Grand Rapids,1.06
49515,Grand Rapids,1.06
49516,Grand Rapids,1.06
49518,Kentwood,1.06
49519,Wyoming,1.06
49523,Grand Rapids,1.06
49525,Kent,1.06
49528,Grand Rapids,1.06
49530,Kent,1.06
49534,Ottawa,1.06
49544,Ottawa,1.06
49546,Kent,1.06
49548,Kent,1.06
49555,Grand Rapids,1.06
49560,Grand Rapids,1.06
49588,Kentwood,1.06
49599,Grand Rapids,1.06
49601,Wexford,1.06
49610,Grand Traverse,1.06
49611,Antrim,1.06
49612,Antrim,1.06
49613,Benzie,1.06
49614,Manistee,1.06
49615,Antrim,1.06
49616,Benzonia,1.06
49617,Benzonia,1.06
49618,Wexford,1.06
49619,Manistee,1.06
49620,Grand Traverse,1.06
49621,Leelanau,1.06
49622,Antrim,1.06
49623,Lake,1.06
49625,Benzie,1.06
49626,Eastlake,1.06
49627,Antrim,1.06
49628,Elberta,1.06
49629,Antrim,1.06
49630,Benzie,1.06
49631,Osceola,1.06
49632,Missaukee,1.06
49633,Kalkaska,1.06
49634,Manistee,1.06
49635,Elberta,1.06
49636,Leelanau,1.06
49637,Grand Traverse,1.06
49638,Wexford,1.06
49639,Osceola,1.06
49640,Honor,1.06
49642,Lake,1.06
49643,Benzie,1.06
49644,Lake,1.06
49645,Manistee,1.06
49646,Kalkaska,1.06
49648,Antrim,1.06
49649,Grand Traverse,1.06
49650,Lake Ann,1.06
49651,Missaukee,1.06
49653,Leelanau,1.06
49654,Leelanau,1.06
49655,Osceola,1.06
49656,Lake,1.06
49657,Wexford,1.06
49659,Antrim,1.06
49660,Manistee,1.06
49663,Wexford,1.06
49664,Benzie,1.06
49665,Missaukee,1.06
49666,Grand Traverse,1.06
49667,Missaukee,1.06
49668,Wexford,1.06
49670,Leelanau,1.06
49673,Grand Traverse,1.06
49674,Leelanau,1.06
49675,Manistee,1.06
49676,Kalkaska,1.06
49677,Newaygo,1.06
49679,Osceola,1.06
49680,Kalkaska,1.06
49682,Leelanau,1.06
49683,Thompsonville,1.06
49684,Benzie,1.06
49685,Grand Traverse,1.06
49686,Grand Traverse,1.06
49688,Osceola,1.06
49689,Manistee,1.06
49690,Kalkaska,1.06
49696,Grand Traverse,1.06
49701,Cheboygan,1.06
49705,Cheboygan,1.06
49706,Cheboygan,1.06
49707,Alpena,1.06
49709,Montmorency,1.06
49710,Chippewa,1.06
49711,Charlevoix,1.06
49712,Charlevoix,1.06
49713,Emmet,1.06
49715,Chippewa,1.06
49716,Cheboygan,1.06
49717,Cheboygan,1.06
49718,Emmet,1.06
49719,Chippewa,1.06
49720,Antrim,1.06
49721,Cheboygan,1.06
49722,Emmet,1.06
49723,Emmet,1.06
49724,Chippewa,1.06
49725,Chippewa,1.06
49726,Chippewa,1.06
49727,Antrim,1.06
49728,Chippewa,1.06
49729,Antrim,1.06
49730,Antrim,1.06
49733,Crawford,1.06
49734,Gaylord,1.06
49735,Otsego,1.06
49736,Chippewa,1.06
49737,Emmet,1.06
49738,Kalkaska,1.06
49739,Crawford,1.06
49740,Emmet,1.06
49743,Presque Isle,1.06
49744,Alpena,1.06
49745,Mackinac,1.06
49746,Montmorency,1.06
49747,Alcona,1.06
49748,Chippewa,1.06
49749,Cheboygan,1.06
49751,Montmorency,1.06
49752,Chippewa,1.06
49753,Alpena,1.06
49755,Emmet,1.06
49756,Montmorency,1.06
49757,Mackinac Island,1.06
49759,Presque Isle,1.06
49760,Chippewa,1.06
49761,Cheboygan,1.06
49762,Mackinac,1.06
49764,Emmet,1.06
49765,Presque Isle,1.06
49766,Alpena,1.06
49768,Chippewa,1.06
49769,Cheboygan,1.06
49770,Charlevoix,1.06
49774,Chippewa,1.06
49775,Mackinac,1.06
49776,Presque Isle,1.06
49777,Presque Isle,1.06
49779,Presque Isle,1.06
49780,Chippewa,1.06
49781,Mackinac,1.06
49782,Charlevoix,1.06
49783,Chippewa,1.06
49784,Chippewa,1.06
49785,Chippewa,1.06
49786,Chippewa,1.06
49788,Chippewa,1.06
49791,Cheboygan,1.06
49792,Cheboygan,1.06
49793,Chippewa,1.06
49795,Otsego,1.06
49796,Charlevoix,1.06
49797,Otsego,1.06
49799,Cheboygan,1.06
49801,Dickinson,1.06
49802,Dickinson,1.06
49805,Keweenaw,1.06
49806,Alger,1.06
49807,Delta,1.06
49808,Marquette,1.06
49812,Menominee,1.06
49814,Marquette,1.06
49815,Dickinson,1.06
49816,Alger,1.06
49817,Delta,1.06
49818,Delta,1.06
49819,Marquette,1.06
49820,Mackinac,1.06
49821,Menominee,1.06
49822,Marquette,1.06
49825,Alger,1.06
49826,Alger,1.06
49827,Mackinac,1.06
49829,Delta,1.06
49831,Dickinson,1.06
49833,Marquette,1.06
49834,Dickinson,1.06
49835,Delta,1.06
49836,Schoolcraft,1.06
49837,Delta,1.06
49838,Mackinac,1.06
49839,Alger,1.06
49840,Schoolcraft,1.06
49841,Marquette,1.06
49845,Menominee,1.06
49847,Menominee,1.06
49848,Menominee,1.06
49849,Marquette,1.06
49852,Dickinson,1.06
49853,Luce,1.06
49854,Schoolcraft,1.06
49855,Marquette,1.06
49858,Menominee,1.06
49861,Baraga,1.06
49862,Alger,1.06
49863,Menominee,1.06
49864,Delta,1.06
49865,Ishpeming,1.06
49866,Marquette,1.06
49868,Luce,1.06
49870,Dickinson,1.06
49871,Marquette,1.06
49872,Delta,1.06
49873,Dickinson,1.06
49874,Menominee,1.06
49876,Dickinson,1.06
49877,Dickinson,1.06
49878,Delta,1.06
49879,Iron,1.06
49880,Delta,1.06
49881,Dickinson,1.06
49883,Alger,1.06
49884,Alger,1.06
49885,Alger,1.06
49886,Menominee,1.06
49887,Menominee,1.06
49891,Alger,1.06
49892,Menominee,1.06
49893,Menominee,1.06
49894,Delta,1.06
49895,Alger,1.06
49896,Menominee,1.06
49901,Ahmeek,1.06
49902,Alpha,1.06
49903,Iron,1.06
49905,Houghton,1.06
49908,Baraga,1.06
49910,Gogebic,1.06
49911,Gogebic,1.06
49912,Ontonagon,1.06
49913,Keweenaw,1.06
49915,Caspian,1.06
49916,Baraga,1.06
49917,Keweenaw,1.06
49918,Keweenaw,1.06
49919,Baraga,1.06
49920,Iron,1.06
49921,Houghton,1.06
49922,Houghton,1.06
49925,Ontonagon,1.06
49927,Iron,1.06
49929,Ontonagon,1.06
49930,Houghton,1.06
49931,Houghton,1.06
49934,Houghton,1.06
49935,Iron,1.06
49938,Gogebic,1.06
49942,Calumet,1.06
49945,Keweenaw,1.06
49946,Baraga,1.06
49947,Gogebic,1.06
49948,Houghton,1.06
49950,Keweenaw,1.06
49952,Houghton,1.06
49953,Ontonagon,1.06
49955,Houghton,1.06
49958,Baraga,1.06
49959,Gogebic,1.06
49960,Ontonagon,1.06
49961,Houghton,1.06
49962,Baraga,1.06
49963,Houghton,1.06
49964,Iron River,1.06
49965,Houghton,1.06
49967,Houghton,1.06
49968,Gogebic,1.06
49969,Gogebic,1.06
49970,Baraga,1.06
49971,Ontonagon,1.06
54540,Gogebic,1.06
